<?xml version="1.0" encoding="UTF-8"?><kml xmlns="http://www.opengis.net/kml/2.2"><Document><name>24155A11600027</name><Style id="parcela"><LineStyle><color>ff0000ff</color><width>3</width></LineStyle><PolyStyle><color>330000ff</color></PolyStyle></Style><Style id="cauce"><LineStyle><color>ffff9000</color><width>3</width></LineStyle><PolyStyle><color>00000000</color></PolyStyle></Style><Style id="masa_agua"><LineStyle><color>ffff9000</color><width>2</width></LineStyle><PolyStyle><color>88ff9000</color></PolyStyle></Style><Style id="snczi_t10"><LineStyle><color>ffcc6600</color><width>1</width></LineStyle><PolyStyle><color>44cc6600</color></PolyStyle></Style><Style id="snczi_t100"><LineStyle><color>ffdd8833</color><width>1</width></LineStyle><PolyStyle><color>33dd8833</color></PolyStyle></Style><Style id="snczi_t500"><LineStyle><color>ffeeaa66</color><width>1</width></LineStyle><PolyStyle><color>22eeaa66</color></PolyStyle></Style><Style id="natura2000_zepa"><LineStyle><color>ff44aa44</color><width>1</width></LineStyle><PolyStyle><color>3344aa44</color></PolyStyle></Style><Style id="natura2000_zec"><LineStyle><color>ff44aa88</color><width>1</width></LineStyle><PolyStyle><color>3344aa88</color></PolyStyle></Style><Style id="enp"><LineStyle><color>ff338833</color><width>1</width></LineStyle><PolyStyle><color>22338833</color></PolyStyle></Style><Style id="vias_pecuarias"><LineStyle><color>ff00aaff</color><width>3</width></LineStyle><PolyStyle><color>00000000</color></PolyStyle></Style><Style id="otros"><LineStyle><color>ff888888</color><width>1</width></LineStyle><PolyStyle><color>22888888</color></PolyStyle></Style><Folder><name>Parcela</name><Placemark><name>24155A11600027 · SANTA COLOMBA DE SOMOZA</name><styleUrl>#parcela</styleUrl><description>Catastral 1.269.480 m² · medida 1.270.096 m²</description><MultiGeometry><Polygon><outerBoundaryIs><LinearRing><coordinates>-6.24464,42.461101 -6.243366,42.460638 -6.243078,42.460528 -6.242782,42.460419 -6.242718,42.460396 -6.242695,42.460387 -6.242621,42.46036 -6.242565,42.460338 -6.242249,42.460224 -6.241538,42.459995 -6.241251,42.459897 -6.24083,42.459721 -6.240774,42.459685 -6.240322,42.459395 -6.239454,42.458831 -6.238965,42.458524 -6.238482,42.458215 -6.237551,42.457626 -6.236951,42.457222 -6.236365,42.456832 -6.235785,42.456446 -6.235741,42.456409 -6.235736,42.456381 -6.235742,42.456246 -6.235767,42.456209 -6.236137,42.456007 -6.236424,42.455857 -6.237314,42.455475 -6.238004,42.455251 -6.239314,42.454802 -6.24033,42.45435 -6.240977,42.453961 -6.241357,42.453809 -6.241404,42.453783 -6.241435,42.453751 -6.241452,42.453724 -6.241461,42.453698 -6.241484,42.45354 -6.241589,42.453321 -6.241802,42.45307 -6.242048,42.452645 -6.242298,42.452078 -6.242472,42.451678 -6.242724,42.451328 -6.24288,42.451116 -6.243507,42.451478 -6.24359,42.451526 -6.243818,42.451646 -6.244011,42.451668 -6.244248,42.451582 -6.244686,42.4515 -6.245155,42.451431 -6.245586,42.451361 -6.246133,42.451282 -6.24661,42.451168 -6.247188,42.4511 -6.247446,42.451039 -6.247568,42.451012 -6.247636,42.450997 -6.247812,42.45098 -6.247823,42.450979 -6.248039,42.450975 -6.248152,42.451017 -6.248266,42.451042 -6.248371,42.451045 -6.248525,42.450972 -6.248532,42.450969 -6.248585,42.450946 -6.248615,42.450937 -6.248648,42.450932 -6.248679,42.45093 -6.248184,42.45166 -6.247847,42.45216 -6.247831,42.45234 -6.248357,42.452603 -6.248634,42.452755 -6.249421,42.453188 -6.252291,42.454768 -6.255443,42.453083 -6.255429,42.453122 -6.255396,42.453199 -6.255386,42.453252 -6.255381,42.453301 -6.255376,42.453368 -6.255382,42.453415 -6.255388,42.453466 -6.255404,42.45353 -6.255414,42.453563 -6.255444,42.453619 -6.255485,42.45369 -6.255542,42.453776 -6.25559,42.453857 -6.255629,42.453935 -6.255687,42.454034 -6.255748,42.454115 -6.255807,42.454219 -6.255883,42.454319 -6.255925,42.454387 -6.255973,42.454461 -6.256039,42.454541 -6.256072,42.454577 -6.256088,42.454599 -6.256094,42.454606 -6.256106,42.45464 -6.256098,42.454671 -6.256083,42.454688 -6.256055,42.454703 -6.255976,42.454735 -6.255888,42.45477 -6.25581,42.454809 -6.255703,42.454879 -6.255579,42.454975 -6.25541,42.45511 -6.255379,42.455127 -6.255339,42.455143 -6.255299,42.455153 -6.255245,42.455158 -6.255008,42.45517 -6.254145,42.455219 -6.253774,42.455235 -6.253637,42.455236 -6.253433,42.455222 -6.253115,42.455213 -6.252864,42.455212 -6.252815,42.455215 -6.25276,42.455228 -6.252715,42.45525 -6.252653,42.455286 -6.252595,42.455326 -6.252553,42.455374 -6.252522,42.455422 -6.252494,42.455497 -6.252471,42.455579 -6.252455,42.455645 -6.252441,42.455731 -6.252442,42.455767 -6.252452,42.455804 -6.25247,42.455835 -6.252506,42.455883 -6.25255,42.455934 -6.252713,42.456115 -6.252762,42.456172 -6.252805,42.456235 -6.252858,42.456322 -6.252906,42.456416 -6.252947,42.456519 -6.253002,42.456666 -6.253028,42.45675 -6.253111,42.456932 -6.25264,42.457211 -6.252183,42.458002 -6.252123,42.458093 -6.251534,42.458989 -6.251426,42.459159 -6.251397,42.459203 -6.250732,42.46021 -6.251905,42.461025 -6.251976,42.461075 -6.250889,42.461932 -6.25299,42.462372 -6.255653,42.461115 -6.257958,42.460027 -6.257959,42.460026 -6.258989,42.45954 -6.259271,42.459824 -6.259616,42.460174 -6.259764,42.460335 -6.254766,42.463355 -6.252974,42.464438 -6.250901,42.463828 -6.249537,42.463397 -6.249378,42.463347 -6.248494,42.462958 -6.248193,42.462825 -6.247384,42.462454 -6.246485,42.461987 -6.245737,42.461598 -6.245342,42.461419 -6.24464,42.461101</coordinates></LinearRing></outerBoundaryIs></Polygon></MultiGeometry></Placemark></Folder><Folder><name>Cauces IGN (25)</name><Placemark><name>Cauce 1</name><styleUrl>#cauce</styleUrl><LineString><coordinates>-6.245466,42.452752 -6.245466,42.452752</coordinates></LineString></Placemark><Placemark><name>Cauce 2</name><styleUrl>#cauce</styleUrl><LineString><coordinates>-6.245529,42.451661 -6.245529,42.451661 -6.245417,42.45138 -6.245238,42.450897 -6.245038,42.450493 -6.24493,42.45022 -6.244791,42.449468 -6.244702,42.449027 -6.244539,42.448528 -6.244453,42.446872 -6.244438,42.446566 -6.244296,42.444023</coordinates></LineString></Placemark><Placemark><name>Cauce 3</name><styleUrl>#cauce</styleUrl><LineString><coordinates>-6.249805,42.458913 -6.249714,42.458779 -6.249598,42.458614 -6.249462,42.458501 -6.249095,42.458262 -6.248692,42.458041 -6.248537,42.457928 -6.248264,42.457672 -6.248152,42.457582 -6.24797,42.457477 -6.247092,42.457113 -6.246893,42.457008 -6.246874,42.456999 -6.246677,42.456874 -6.246462,42.456695 -6.246313,42.45654 -6.246178,42.456372 -6.24597,42.456045 -6.245841,42.455899 -6.245687,42.455759 -6.24556,42.455607 -6.24543,42.455416 -6.245341,42.455251 -6.245273,42.455076 -6.24519,42.454752 -6.245169,42.454599 -6.24516,42.454274 -6.245206,42.453467 -6.245265,42.453347</coordinates></LineString></Placemark><Placemark><name>Cauce 4</name><styleUrl>#cauce</styleUrl><LineString><coordinates>-6.250584,42.455786 -6.250486,42.455717 -6.250287,42.455608 -6.249859,42.455412 -6.249645,42.455331 -6.249205,42.455189 -6.248832,42.455025 -6.248595,42.454901 -6.248532,42.454861 -6.248072,42.454582 -6.247909,42.454509 -6.247514,42.454414 -6.24708,42.454284 -6.246966,42.454231 -6.246714,42.454115 -6.246551,42.454019 -6.246288,42.453814 -6.246049,42.453556 -6.245965,42.453488 -6.245757,42.453351</coordinates></LineString></Placemark><Placemark><name>Cauce 5</name><styleUrl>#cauce</styleUrl><LineString><coordinates>-6.245466,42.452752 -6.245468,42.452711 -6.245486,42.452423</coordinates></LineString></Placemark><Placemark><name>Cauce 6</name><styleUrl>#cauce</styleUrl><LineString><coordinates>-6.242917,42.45996 -6.242796,42.459942 -6.242397,42.459799 -6.242254,42.459716 -6.242012,42.459528 -6.241686,42.459177 -6.241653,42.459124 -6.241595,42.459035 -6.24145,42.458751 -6.241334,42.458406 -6.241276,42.458255 -6.241172,42.458102 -6.241029,42.457975 -6.24057,42.457607 -6.240449,42.457467 -6.240185,42.457075 -6.23996,42.456788 -6.239713,42.456477 -6.239525,42.456152 -6.239117,42.455196 -6.239049,42.455008 -6.238998,42.454897 -6.238764,42.454396 -6.238641,42.454132 -6.238579,42.453999 -6.238441,42.453749 -6.238367,42.45364 -6.23792,42.453196 -6.237823,42.453073 -6.237668,42.452832 -6.237464,42.452448 -6.237368,42.452307 -6.237195,42.45211 -6.236935,42.451882 -6.236701,42.451654 -6.236244,42.451391 -6.235645,42.450978 -6.235567,42.45094 -6.235489,42.450903 -6.234826,42.450663 -6.234457,42.450537 -6.233582,42.450299 -6.233072,42.450125 -6.232478,42.449864 -6.232006,42.449579 -6.23135,42.449239 -6.230949,42.449058 -6.230813,42.449011 -6.230572,42.44893 -6.230193,42.448758 -6.230075,42.448732 -6.229936,42.448714 -6.229803,42.448664 -6.229671,42.448573 -6.228783,42.447831 -6.228564,42.447693 -6.228427,42.447633 -6.22842,42.447631 -6.228137,42.447572 -6.228016,42.447546 -6.227159,42.447244 -6.227019,42.447165 -6.226893,42.44707 -6.226791,42.446965 -6.226678,42.446877 -6.226235,42.446589 -6.225957,42.446467 -6.225813,42.446419 -6.225493,42.446343 -6.22542,42.446323 -6.224736,42.446137 -6.224507,42.446087 -6.224273,42.446063 -6.223936,42.446076 -6.223364,42.446179 -6.222922,42.446284 -6.222622,42.446431 -6.222318,42.446536 -6.222004,42.446695 -6.221593,42.446858 -6.221158,42.44686 -6.220777,42.446801 -6.220358,42.446666 -6.220062,42.446536 -6.21985,42.446377 -6.219843,42.446372 -6.219743,42.446316 -6.219493,42.44621 -6.219256,42.446079 -6.218763,42.445864 -6.218405,42.445646 -6.217754,42.445325 -6.217397,42.445116 -6.217248,42.445055 -6.217069,42.445009 -6.2167,42.444938 -6.216316,42.444944 -6.21592,42.445011 -6.215777,42.445017 -6.215619,42.444963 -6.21547,42.44485 -6.215314,42.444701 -6.215209,42.444547 -6.21517,42.444422 -6.215103,42.443698 -6.215041,42.443561 -6.214966,42.443471 -6.214924,42.44342 -6.21498,42.44311 -6.215034,42.442912 -6.215053,42.442844 -6.215038,42.442679 -6.214961,42.442431 -6.214845,42.442228 -6.214572,42.441986 -6.214354,42.441823 -6.214231,42.441751 -6.213989,42.441613 -6.213772,42.441488 -6.213743,42.441471 -6.213724,42.441461 -6.213676,42.441433 -6.213617,42.441399 -6.213407,42.44113 -6.213296,42.440799 -6.213265,42.440691 -6.213236,42.440588 -6.213136,42.440502 -6.213079,42.440452 -6.212988,42.440375 -6.212931,42.440284 -6.21293,42.439699 -6.21293,42.439687 -6.212976,42.439451</coordinates></LineString></Placemark><Placemark><name>Cauce 7</name><styleUrl>#cauce</styleUrl><LineString><coordinates>-6.245265,42.453347 -6.245265,42.453347 -6.245466,42.452752</coordinates></LineString></Placemark><Placemark><name>Cauce 8</name><styleUrl>#cauce</styleUrl><LineString><coordinates>-6.245486,42.452423 -6.245486,42.452423 -6.245529,42.452128 -6.245527,42.451831 -6.245529,42.451661</coordinates></LineString></Placemark><Placemark><name>Cauce 9</name><styleUrl>#cauce</styleUrl><LineString><coordinates>-6.245757,42.453351 -6.245466,42.452752</coordinates></LineString></Placemark><Placemark><name>Cauce 10</name><styleUrl>#cauce</styleUrl><LineString><coordinates>-6.245466,42.452752 -6.245466,42.452752</coordinates></LineString></Placemark><Placemark><name>Cauce 11</name><styleUrl>#cauce</styleUrl><LineString><coordinates>-6.24214,42.450723 -6.241879,42.450509 -6.241355,42.449999 -6.241174,42.449841 -6.241039,42.449725 -6.240758,42.449372 -6.240557,42.448909 -6.240521,42.448621 -6.240423,42.448412 -6.240402,42.448123 -6.240383,42.447951 -6.240302,42.447277 -6.240276,42.446412 -6.240314,42.446225 -6.240414,42.445947 -6.240494,42.445498 -6.240629,42.444895 -6.240685,42.444313</coordinates></LineString></Placemark><Placemark><name>Arroyo de la Barraca</name><styleUrl>#cauce</styleUrl><LineString><coordinates>-6.235973,42.457521 -6.235771,42.457468 -6.23542,42.457402 -6.23528,42.457387 -6.234427,42.457297 -6.234266,42.457297 -6.234198,42.457298 -6.234133,42.457278 -6.233938,42.45722 -6.233654,42.457063 -6.233383,42.456945 -6.232994,42.456776 -6.232562,42.456647 -6.232348,42.456596 -6.23199,42.456544 -6.231425,42.456412 -6.231092,42.456289 -6.230921,42.456251 -6.230759,42.456218 -6.230568,42.456164 -6.230198,42.456028 -6.229173,42.455803 -6.22836,42.455573 -6.228159,42.455506 -6.227801,42.455412 -6.2274,42.455259 -6.227176,42.455175 -6.227057,42.45513 -6.226431,42.454974 -6.226137,42.454532 -6.226051,42.454419 -6.225836,42.454237 -6.225733,42.454187 -6.225462,42.454112</coordinates></LineString></Placemark><Placemark><name>Cauce 13</name><styleUrl>#cauce</styleUrl><LineString><coordinates>-6.275182,42.464556 -6.275008,42.464515 -6.274659,42.464407 -6.274417,42.464346 -6.273873,42.464257 -6.273581,42.464118 -6.273003,42.463941 -6.272815,42.463845 -6.272792,42.463832 -6.272768,42.463816 -6.272722,42.463787 -6.27269,42.463765 -6.272637,42.463731 -6.272432,42.463624 -6.272177,42.463538 -6.271982,42.463429 -6.271799,42.463269 -6.27152,42.462931 -6.271212,42.462617 -6.271054,42.462474 -6.270977,42.462404 -6.270729,42.462116 -6.270677,42.462056 -6.270557,42.46193 -6.270212,42.461768 -6.270093,42.46173 -6.269992,42.461671 -6.269754,42.461414 -6.26963,42.461326 -6.269393,42.461201 -6.26928,42.461123 -6.269078,42.460922 -6.268896,42.460673 -6.268713,42.460358 -6.268709,42.460351 -6.268698,42.460322 -6.268684,42.460286 -6.268456,42.459741 -6.268093,42.458918 -6.267994,42.45879 -6.267673,42.458448 -6.267662,42.458429 -6.267538,42.45823 -6.267466,42.458085 -6.26737,42.457792 -6.267237,42.457493 -6.26714,42.457354 -6.267004,42.457208 -6.266824,42.457049 -6.266749,42.456983 -6.266247,42.456601 -6.266239,42.456596 -6.266205,42.45656 -6.266048,42.45639 -6.265956,42.456271 -6.265869,42.456098 -6.265807,42.455974 -6.265794,42.455947 -6.265649,42.455736 -6.265483,42.455542 -6.265365,42.455439 -6.265114,42.455287 -6.264896,42.455155 -6.264463,42.454961 -6.26417,42.45483 -6.263981,42.454754 -6.263562,42.454635 -6.263336,42.454552 -6.263001,42.454432 -6.262364,42.454224 -6.262321,42.454209 -6.261734,42.454017 -6.261538,42.453978 -6.261349,42.453977 -6.261169,42.453997 -6.260799,42.454067 -6.26044,42.454059 -6.260313,42.454045 -6.260072,42.454019 -6.259928,42.454011 -6.25969,42.453998 -6.259464,42.453997 -6.259277,42.453983 -6.2591,42.453953 -6.258938,42.453903 -6.258749,42.453826 -6.258632,42.453779 -6.258504,42.453702 -6.258051,42.453381 -6.257743,42.45294 -6.257695,42.452877 -6.257665,42.452838 -6.257635,42.452799 -6.257626,42.452788 -6.257524,42.452726 -6.257422,42.452721 -6.257129,42.452705</coordinates></LineString></Placemark><Placemark><name>Río Turienzo</name><styleUrl>#cauce</styleUrl><LineString><coordinates>-6.275512,42.454339 -6.275275,42.454124 -6.275067,42.453884 -6.274914,42.453764 -6.27471,42.453602 -6.274685,42.453584 -6.27447,42.453423 -6.274228,42.453315 -6.274005,42.45316 -6.27345,42.452683 -6.273262,42.452576 -6.273071,42.452413 -6.272991,42.452321 -6.27269,42.452073 -6.27252,42.452011 -6.272477,42.451996 -6.272228,42.451998 -6.271828,42.452017 -6.27167,42.451948 -6.271473,42.45177 -6.271297,42.451702 -6.271125,42.451719 -6.270898,42.451801 -6.270632,42.451923 -6.270302,42.451967 -6.269958,42.451987 -6.269572,42.451985 -6.269121,42.451941 -6.268269,42.451772 -6.268049,42.451753 -6.267989,42.451748 -6.267929,42.451742 -6.267902,42.451739 -6.267882,42.451738 -6.267565,42.451731 -6.266995,42.451666 -6.266171,42.451674 -6.265936,42.451675 -6.265786,42.451648 -6.265647,42.451609 -6.265512,42.451551 -6.265407,42.451482 -6.265364,42.451455 -6.26528,42.451401 -6.265065,42.451318 -6.265033,42.451305 -6.26489,42.451269 -6.264882,42.451267 -6.264797,42.451257 -6.264588,42.451232 -6.264248,42.451193 -6.264015,42.451129 -6.264005,42.451126 -6.263999,42.451125 -6.263952,42.451104 -6.263916,42.451088 -6.2639,42.451081 -6.263781,42.451028 -6.263526,42.450898 -6.263094,42.450676 -6.262391,42.450335 -6.262257,42.450272 -6.260811,42.449706 -6.26063,42.449594 -6.260479,42.449473 -6.260282,42.449212 -6.260158,42.449126 -6.259949,42.448978 -6.259891,42.448931 -6.259849,42.448898 -6.259808,42.448865 -6.259559,42.448667 -6.259374,42.448538 -6.259297,42.448453 -6.259238,42.448387</coordinates></LineString></Placemark><Placemark><name>Río Santa Marina</name><styleUrl>#cauce</styleUrl><LineString><coordinates>-6.257129,42.452705 -6.256966,42.4525 -6.256354,42.452013 -6.256331,42.451848 -6.256341,42.451632 -6.256237,42.451486 -6.2561,42.45137 -6.255957,42.451157 -6.255914,42.450838 -6.255843,42.450617 -6.255673,42.450391 -6.255667,42.450386 -6.255518,42.450263 -6.255413,42.450205 -6.255092,42.450078 -6.254896,42.449925 -6.254884,42.449898 -6.254865,42.449855 -6.254846,42.449813 -6.254794,42.449699 -6.254742,42.449542 -6.254322,42.44878 -6.254322,42.448674 -6.254364,42.448551 -6.25449,42.448443 -6.254614,42.448441 -6.25471,42.448382</coordinates></LineString></Placemark><Placemark><name>Río Santa Marina</name><styleUrl>#cauce</styleUrl><LineString><coordinates>-6.265477,42.466509 -6.265518,42.466002 -6.265472,42.465821 -6.265416,42.465741 -6.265327,42.465669 -6.265044,42.46552 -6.264882,42.465451 -6.26473,42.465365 -6.264118,42.464899 -6.263997,42.464776 -6.263895,42.46463 -6.263861,42.464468 -6.263873,42.4643 -6.263989,42.463841 -6.263998,42.463677 -6.263956,42.463345 -6.263944,42.463245 -6.26389,42.463087 -6.263699,42.462774 -6.263489,42.462478 -6.263369,42.462338 -6.263074,42.462134 -6.262842,42.461972 -6.262791,42.461935 -6.26271,42.461878 -6.262626,42.461765 -6.262611,42.461654 -6.262639,42.461552 -6.262884,42.461211 -6.262821,42.461045 -6.262696,42.461008 -6.26255,42.461001 -6.261913,42.461002 -6.26156,42.460963 -6.261398,42.460929 -6.261258,42.460787 -6.261275,42.460578 -6.26131,42.460474 -6.261322,42.460377 -6.261259,42.460235 -6.260915,42.459941 -6.260859,42.459772 -6.260951,42.459699 -6.261187,42.459582 -6.26133,42.459456 -6.261423,42.45921 -6.261552,42.459079 -6.261488,42.458945 -6.261371,42.458896 -6.261164,42.458842 -6.261142,42.458827 -6.260643,42.458519 -6.260529,42.458476 -6.260384,42.458488 -6.260264,42.458549 -6.260184,42.458631 -6.260054,42.458703 -6.259912,42.458723 -6.259759,42.4587 -6.259609,42.458645 -6.259481,42.458567 -6.259417,42.458469 -6.259418,42.458373 -6.259484,42.458285 -6.259651,42.458164 -6.259718,42.458078 -6.259727,42.458012 -6.25973,42.457984 -6.259694,42.45779 -6.259644,42.457695 -6.259456,42.457585 -6.259286,42.457556 -6.259144,42.457511 -6.25902,42.457448 -6.258929,42.457376 -6.258859,42.457283 -6.258827,42.457177 -6.258829,42.457074 -6.258873,42.456989 -6.259108,42.456703 -6.259151,42.456549 -6.259099,42.456466 -6.258943,42.456301 -6.258873,42.456202 -6.25883,42.456101 -6.258785,42.455814 -6.258688,42.455666 -6.258395,42.455525 -6.258262,42.455457 -6.258,42.455254 -6.257886,42.455141 -6.25776,42.454981 -6.257593,42.454769 -6.25727,42.454443 -6.257191,42.454328 -6.257082,42.45407 -6.257054,42.453941 -6.257077,42.45347 -6.257207,42.453171 -6.257209,42.452897 -6.25721,42.452851 -6.257171,42.452759 -6.257129,42.452705</coordinates></LineString></Placemark><Placemark><name>Cauce 17</name><styleUrl>#cauce</styleUrl><LineString><coordinates>-6.255059,42.465167 -6.25471,42.464887 -6.254625,42.464819 -6.254338,42.464609 -6.254141,42.464491 -6.253719,42.464306 -6.25368,42.464291 -6.253434,42.4642 -6.253234,42.464152 -6.252605,42.464052 -6.251612,42.463956 -6.251325,42.46393 -6.250914,42.463884 -6.250206,42.463805 -6.248408,42.463661 -6.248023,42.463593 -6.247757,42.463547 -6.247333,42.463484 -6.247311,42.463481 -6.2464,42.463325</coordinates></LineString></Placemark><Placemark><name>Cauce 18</name><styleUrl>#cauce</styleUrl><LineString><coordinates>-6.2464,42.463325 -6.246266,42.463308 -6.245231,42.463169 -6.244862,42.463146 -6.244082,42.46316 -6.243595,42.463113 -6.243385,42.463105 -6.243371,42.463105 -6.242975,42.463134 -6.242759,42.463182 -6.242497,42.463267 -6.242341,42.463318 -6.242147,42.463408 -6.241759,42.46362 -6.241293,42.463817 -6.240656,42.464113 -6.240453,42.464182 -6.240422,42.464193 -6.23977,42.464384 -6.239555,42.464466 -6.239406,42.464541 -6.239174,42.464725 -6.239076,42.464834</coordinates></LineString></Placemark><Placemark><name>Cauce 19</name><styleUrl>#cauce</styleUrl><LineString><coordinates>-6.246578,42.460208 -6.246472,42.460293 -6.24638,42.460455 -6.246241,42.460699 -6.246201,42.460849 -6.246191,42.461013 -6.246207,42.461199 -6.246293,42.461545 -6.246365,42.461703 -6.246448,42.46184 -6.246548,42.462009 -6.246693,42.462308 -6.246726,42.462442 -6.246723,42.462587 -6.246698,42.46273 -6.2464,42.463325</coordinates></LineString></Placemark><Placemark><name>Cauce 20</name><styleUrl>#cauce</styleUrl><LineString><coordinates>-6.232216,42.467968 -6.232244,42.467908 -6.232293,42.467803 -6.232344,42.467695 -6.232328,42.467341 -6.232365,42.467212 -6.232422,42.467113 -6.232468,42.466992 -6.232487,42.466957 -6.232509,42.466916 -6.232532,42.466874 -6.232602,42.46674 -6.232796,42.466681 -6.233044,42.466711 -6.233906,42.466657 -6.234505,42.466594 -6.234707,42.466507 -6.234788,42.466417 -6.234854,42.466241 -6.23491,42.466089 -6.235054,42.465858 -6.235142,42.465768 -6.235393,42.465612 -6.235773,42.465423 -6.235982,42.465194 -6.236062,42.465037 -6.23606,42.464829 -6.236057,42.464525 -6.236024,42.464247 -6.235889,42.46378 -6.235798,42.463545 -6.235796,42.463542 -6.235771,42.463373</coordinates></LineString></Placemark><Placemark><name>Cauce 21</name><styleUrl>#cauce</styleUrl><LineString><coordinates>-6.239011,42.468321 -6.239014,42.468317 -6.239089,42.468249 -6.239152,42.46814 -6.239185,42.468029 -6.239186,42.467907 -6.239159,42.467801 -6.239023,42.467575 -6.239005,42.467478 -6.239006,42.467365 -6.239008,42.467361 -6.239043,42.467247 -6.239108,42.467151 -6.239452,42.466754 -6.239523,42.466644 -6.239575,42.466515 -6.23958,42.466382 -6.239563,42.46626 -6.239522,42.466131 -6.239453,42.466006 -6.23933,42.465847 -6.239186,42.465709 -6.239087,42.465615 -6.238992,42.465502 -6.238926,42.465387 -6.238892,42.46527 -6.238889,42.465161 -6.238907,42.465057 -6.238946,42.464956 -6.23897,42.464822</coordinates></LineString></Placemark><Placemark><name>Río de Rabanal Viejo</name><styleUrl>#cauce</styleUrl><LineString><coordinates>-6.23897,42.464822 -6.238875,42.464813 -6.238838,42.464721 -6.238595,42.46474 -6.238417,42.464721 -6.238276,42.464669 -6.238133,42.464827 -6.237748,42.464849 -6.237678,42.464747 -6.237767,42.464663 -6.237726,42.464512 -6.237561,42.464357 -6.237663,42.464006 -6.237651,42.463912 -6.237545,42.46379 -6.237432,42.463581 -6.237288,42.4635 -6.237168,42.463588 -6.236882,42.463621 -6.236781,42.463672 -6.236623,42.463619 -6.236388,42.463407 -6.236298,42.463386 -6.236256,42.463377 -6.236151,42.463431 -6.23595,42.463348 -6.235771,42.463373</coordinates></LineString></Placemark><Placemark><name>Río de Rabanal Viejo</name><styleUrl>#cauce</styleUrl><LineString><coordinates>-6.239076,42.464834 -6.23897,42.464822</coordinates></LineString></Placemark><Placemark><name>Río de Rabanal Viejo</name><styleUrl>#cauce</styleUrl><LineString><coordinates>-6.235771,42.463373 -6.235606,42.46338 -6.235508,42.46317 -6.235358,42.463165 -6.23534,42.463261 -6.235206,42.463301 -6.235021,42.46328 -6.235018,42.46315 -6.234835,42.463103 -6.23472,42.463044 -6.234582,42.463003 -6.234488,42.462938 -6.234357,42.462958 -6.234171,42.462929 -6.234024,42.462965 -6.233862,42.46294 -6.233797,42.462858 -6.23365,42.462844 -6.233494,42.462753 -6.233637,42.462686 -6.233607,42.46259 -6.233525,42.462496 -6.233397,42.462506 -6.233414,42.4624 -6.233325,42.462322 -6.233288,42.462223 -6.233345,42.462137 -6.233209,42.46205 -6.233227,42.461947 -6.233129,42.461891 -6.232862,42.461886 -6.232683,42.461837 -6.23254,42.461831 -6.232295,42.461821 -6.232127,42.46185 -6.232077,42.461938 -6.231841,42.462104 -6.231747,42.462032 -6.231594,42.461961 -6.231494,42.461837 -6.231199,42.461666 -6.231052,42.461608 -6.230939,42.46154 -6.230689,42.461538 -6.230597,42.461633 -6.230541,42.461843 -6.23042,42.46209 -6.230328,42.46219 -6.230185,42.462176 -6.230124,42.46217 -6.230123,42.46217 -6.230121,42.462169 -6.230071,42.462149 -6.229951,42.462099 -6.229328,42.461751 -6.229222,42.461644 -6.229136,42.461619 -6.22849,42.461441 -6.228145,42.461312 -6.228028,42.461236 -6.227799,42.461241 -6.227585,42.461147 -6.227478,42.46104 -6.227335,42.460968 -6.227056,42.460867 -6.226925,42.460859 -6.226783,42.460938 -6.226629,42.461053 -6.226518,42.461156 -6.226362,42.461169 -6.226186,42.461098 -6.225987,42.461086 -6.225855,42.461091 -6.22558,42.460985 -6.225331,42.460963 -6.224941,42.460841 -6.224537,42.46077 -6.224316,42.460776 -6.223867,42.460636 -6.223548,42.460477 -6.223442,42.460337 -6.223312,42.460318 -6.223268,42.460329 -6.223058,42.460391 -6.222922,42.460462 -6.222797,42.460418 -6.222538,42.460411 -6.222296,42.460378 -6.22188,42.460362 -6.221653,42.460372 -6.221454,42.46041 -6.221429,42.460415 -6.221324,42.460448 -6.221218,42.460482</coordinates></LineString></Placemark><Placemark><name>Río de Rabanal Viejo</name><styleUrl>#cauce</styleUrl><LineString><coordinates>-6.243281,42.466719 -6.24305,42.466733 -6.24286,42.466682 -6.242738,42.466615 -6.242684,42.466494 -6.242642,42.466393 -6.242397,42.466423 -6.242199,42.466436 -6.242103,42.466501 -6.241851,42.466513 -6.241675,42.466566 -6.241504,42.466641 -6.241483,42.466635 -6.241122,42.466545 -6.241132,42.466386 -6.240807,42.466076 -6.240743,42.465907 -6.240767,42.465812 -6.240953,42.465548 -6.24099,42.465403 -6.240881,42.465337 -6.240845,42.465235 -6.240701,42.465148 -6.240524,42.465182 -6.240438,42.465354 -6.240323,42.465398 -6.240121,42.465389 -6.240026,42.465284 -6.24002,42.464959 -6.239889,42.464849 -6.239681,42.464876 -6.239538,42.464885 -6.239279,42.464812 -6.239076,42.464834</coordinates></LineString></Placemark></Folder><Folder><name>Masas de agua IGN (2)</name><Placemark><name>Masa de agua 1</name><styleUrl>#masa_agua</styleUrl><Polygon><outerBoundaryIs><LinearRing><coordinates>-6.245675,42.451947 -6.245704,42.452075 -6.245704,42.452131 -6.245666,42.452294 -6.245667,42.452357 -6.245632,42.45243 -6.245578,42.452469 -6.245524,42.452468 -6.245486,42.452423 -6.245411,42.452205 -6.245403,42.452105 -6.245396,42.45184 -6.245398,42.451752 -6.245428,42.451682 -6.245465,42.451664 -6.245507,42.451658 -6.245529,42.451661 -6.245552,42.451665 -6.245601,42.451703 -6.245664,42.451813 -6.245675,42.451947</coordinates></LinearRing></outerBoundaryIs></Polygon></Placemark><Placemark><name>Laguna Cernea</name><styleUrl>#masa_agua</styleUrl><Polygon><outerBoundaryIs><LinearRing><coordinates>-6.245757,42.453351 -6.245683,42.453381 -6.24559,42.453365 -6.245465,42.453312 -6.245402,42.453309 -6.245307,42.453343 -6.245265,42.453347 -6.245168,42.453304 -6.245001,42.453303 -6.244795,42.453285 -6.244432,42.45329 -6.244335,42.453266 -6.244284,42.45323 -6.244257,42.453184 -6.24427,42.453133 -6.244334,42.453085 -6.244411,42.453057 -6.244509,42.453036 -6.244633,42.453029 -6.244773,42.45301 -6.245342,42.452817 -6.245389,42.452806 -6.245466,42.452752 -6.245501,42.452744 -6.245539,42.452751 -6.245653,42.45285 -6.245755,42.452896 -6.245813,42.452913 -6.24585,42.452935 -6.245836,42.452988 -6.245809,42.453033 -6.245821,42.453232 -6.245808,42.453298 -6.245757,42.453351</coordinates></LinearRing></outerBoundaryIs></Polygon></Placemark></Folder><Folder><name>Zona inundable T=10 años (99)</name><Placemark><name>Zona inundable T=10 años</name><styleUrl>#snczi_t10</styleUrl><description>99 elementos a menos de 1,000 m</description><Polygon><outerBoundaryIs><LinearRing><coordinates>-6.258824,42.4476097 -6.2591962,42.4476372 -6.2593705,42.4476933 -6.2597768,42.4476862 -6.2600484,42.4477302 -6.2600835,42.4477415 -6.2600882,42.4477814 -6.2602114,42.4478298 -6.2602366,42.4478909 -6.260359,42.4479629 -6.2604016,42.4480315 -6.2604754,42.4480785 -6.2605501,42.4480442 -6.2605601,42.4480044 -6.2605826,42.4479939 -6.26068,42.4480159 -6.2607359,42.4480551 -6.2607626,42.4480577 -6.2608038,42.4480309 -6.2608242,42.4479771 -6.2608952,42.4479403 -6.2609338,42.4479397 -6.2609959,42.4479655 -6.2611281,42.4480832 -6.2611504,42.4481593 -6.2612671,42.4482136 -6.2613695,42.4482103 -6.2614307,42.4482366 -6.2615644,42.4482413 -6.2617402,42.4482027 -6.2617916,42.4482182 -6.2619857,42.4482202 -6.2621158,42.4482872 -6.2621784,42.4482961 -6.2622445,42.4483548 -6.2623082,42.4483448 -6.2623723,42.4482487 -6.26239,42.4482861 -6.2625361,42.4483172 -6.2626873,42.4482965 -6.2628269,42.4483024 -6.2628379,42.4482427 -6.2627471,42.4482642 -6.2627364,42.4482435 -6.2627567,42.4482 -6.2626706,42.4481568 -6.2626947,42.4481366 -6.2628227,42.448176 -6.262838,42.4482225 -6.2628701,42.448228 -6.2629237,42.4482075 -6.2629694,42.4481457 -6.2630626,42.4481174 -6.2631648,42.4481293 -6.2631739,42.4481784 -6.2632248,42.4481487 -6.2633377,42.4481377 -6.2634604,42.4480449 -6.2636083,42.4480586 -6.2637361,42.4481193 -6.2638605,42.4481052 -6.2639386,42.4480767 -6.2640001,42.4480891 -6.2640756,42.4480329 -6.2640609,42.4479943 -6.2640189,42.4479876 -6.2639583,42.4480263 -6.2638709,42.4479939 -6.26393,42.4479884 -6.2639761,42.4479622 -6.2640285,42.4479659 -6.2641184,42.4479461 -6.2641989,42.4478654 -6.2643385,42.4478036 -6.2645686,42.4476406 -6.2646152,42.4476341 -6.2647419,42.4476724 -6.2647671,42.4477185 -6.2647159,42.4477314 -6.2646234,42.4478906 -6.2646486,42.4480116 -6.2645518,42.4480285 -6.2645268,42.4480672 -6.2644537,42.4480605 -6.2644072,42.4480717 -6.2643766,42.4481268 -6.2642844,42.4481689 -6.2643013,42.448217 -6.2642836,42.4482726 -6.264212,42.4482814 -6.2641812,42.4483164 -6.2641873,42.4483296 -6.2642921,42.4483639 -6.2643269,42.4484037 -6.2644011,42.448436 -6.2643949,42.4484851 -6.2642456,42.4485909 -6.2640933,42.4486422 -6.2639826,42.4486445 -6.2639596,42.4485867 -6.2639647,42.4485273 -6.2640432,42.448438 -6.2641051,42.448424 -6.2641299,42.4484015 -6.2641475,42.4483395 -6.2640508,42.4483344 -6.2641117,42.4482996 -6.2640978,42.4482519 -6.264039,42.4482431 -6.2639561,42.4481928 -6.2638628,42.4481907 -6.2637828,42.4482222 -6.2638433,42.4482523 -6.2638542,42.4482892 -6.2638933,42.448321 -6.2638616,42.4484395 -6.263814,42.4484825 -6.2637092,42.4485301 -6.2635947,42.4486629 -6.2635697,42.4487456 -6.2635069,42.4487804 -6.2634794,42.4487796 -6.2634552,42.4487576 -6.2635386,42.4486897 -6.2634631,42.4485964 -6.2634967,42.448488 -6.2634713,42.4484685 -6.2634367,42.44846 -6.2633616,42.4484756 -6.2632867,42.4485126 -6.2632499,42.4485673 -6.2631006,42.448611 -6.2629934,42.4485976 -6.2628084,42.4485074 -6.2627521,42.4485358 -6.2627139,42.4485358 -6.2626872,42.448574 -6.2626128,42.4486226 -6.2625643,42.4487375 -6.2624895,42.4487436 -6.2623975,42.4487729 -6.262266,42.448775 -6.2622143,42.4487942 -6.2620929,42.4488072 -6.2620329,42.4488342 -6.2620161,42.4488799 -6.261866,42.4489356 -6.2618541,42.4489741 -6.2618926,42.4489949 -6.2619589,42.4490767 -6.2620115,42.4490984 -6.2620911,42.4490864 -6.2621125,42.4491225 -6.2622143,42.4491521 -6.2623174,42.4492261 -6.2623114,42.4493038 -6.2623482,42.4493646 -6.2626145,42.4494502 -6.2627003,42.449491 -6.2627983,42.4494107 -6.2629095,42.4494096 -6.262984,42.449435 -6.2630547,42.4494331 -6.2630767,42.4494505 -6.2630117,42.4494866 -6.2629897,42.4495516 -6.2630961,42.4495066 -6.2632131,42.4494897 -6.2632513,42.4495598 -6.2633877,42.4496054 -6.2634409,42.4497124 -6.2634992,42.4497596 -6.2635452,42.4497607 -6.2635903,42.4497925 -6.2637022,42.4497989 -6.2638524,42.4498687 -6.2638815,42.4499226 -6.2639545,42.449957 -6.2640015,42.4500051 -6.2640786,42.4501173 -6.2641508,42.4501256 -6.2641942,42.4501479 -6.2642492,42.4501356 -6.2643322,42.450151 -6.2644628,42.4501269 -6.2644721,42.4501973 -6.2645657,42.4502133 -6.2645635,42.4502431 -6.2645384,42.4502553 -6.2644981,42.4502543 -6.2644296,42.4502138 -6.2643305,42.4501925 -6.2641983,42.4501912 -6.2641437,42.4501768 -6.2641101,42.4501901 -6.2640921,42.450253 -6.2641082,42.4502973 -6.2641978,42.4503704 -6.264313,42.4503941 -6.2643699,42.4503805 -6.2644489,42.4503047 -6.2646109,42.4503334 -6.2646415,42.4503541 -6.2645741,42.450436 -6.2645363,42.450532 -6.2644757,42.4504921 -6.2644244,42.4505037 -6.2644256,42.4505385 -6.2645019,42.4505907 -6.2644972,42.4506277 -6.2644423,42.4506452 -6.2644681,42.450684 -6.2645465,42.450706 -6.2646528,42.4506954 -6.2646675,42.4506662 -6.2646525,42.4506304 -6.2646193,42.4506209 -6.2645802,42.4506318 -6.2645694,42.4506172 -6.2645972,42.4505985 -6.2645935,42.4505362 -6.2646483,42.4504918 -6.264639,42.4504618 -6.264729,42.4504259 -6.264831,42.4504589 -6.2648542,42.4504927 -6.2647644,42.450555 -6.2647697,42.4506238 -6.2648385,42.4506231 -6.2649691,42.4505432 -6.2649969,42.4505435 -6.2650364,42.4506297 -6.2649753,42.4506943 -6.2649956,42.4507075 -6.2650851,42.4507051 -6.2651695,42.4507318 -6.2651386,42.4508217 -6.265157,42.4508824 -6.2651926,42.4508754 -6.2652434,42.4508172 -6.2653765,42.4508114 -6.2654207,42.450836 -6.2654473,42.4508083 -6.2654693,42.4508115 -6.2655082,42.4508255 -6.2655323,42.4508658 -6.2655917,42.4509076 -6.2656139,42.4509655 -6.2657204,42.4509848 -6.2657089,42.4510393 -6.2658236,42.4510421 -6.2658515,42.4509717 -6.2658897,42.4509759 -6.2659272,42.450998 -6.2658594,42.4510604 -6.2658861,42.4511071 -6.2660395,42.4511427 -6.2661627,42.4512037 -6.266308,42.4512348 -6.2663818,42.4512211 -6.2664483,42.4512385 -6.2664778,42.4512283 -6.2664671,42.4511899 -6.2663994,42.4511789 -6.266356,42.4511986 -6.2662706,42.45114 -6.2663367,42.4510615 -6.2664535,42.4510444 -6.2666021,42.4511104 -6.2666064,42.4512205 -6.2666472,42.4512522 -6.2667646,42.4512578 -6.2668349,42.4512759 -6.2668769,42.4512273 -6.2669195,42.4512767 -6.2670351,42.4512646 -6.2671253,42.4512904 -6.2671463,42.4512732 -6.2671208,42.4512447 -6.2671317,42.4512395 -6.2672783,42.451272 -6.2673152,42.4513047 -6.2673656,42.4514427 -6.2675491,42.4517792 -6.2668767,42.4517081 -6.2663625,42.4517554 -6.2660058,42.4517445 -6.2657687,42.4517222 -6.265555,42.451679 -6.2654133,42.4516089 -6.2652508,42.4514263 -6.2650445,42.4513594 -6.2648043,42.4513346 -6.2643034,42.4512393 -6.2640182,42.4511538 -6.2635252,42.4509491 -6.2633024,42.4508937 -6.2630933,42.4508196 -6.2627509,42.4506304 -6.2626613,42.4506039 -6.2625073,42.450518 -6.2624601,42.4505175 -6.2624533,42.450535 -6.2625394,42.4506102 -6.2625775,42.4506052 -6.2625752,42.4506585 -6.2625563,42.4506743 -6.2625027,42.4506445 -6.2624233,42.4506712 -6.2623522,42.4506062 -6.2624235,42.4505019 -6.2624199,42.4504778 -6.2623152,42.4504346 -6.2622718,42.4505372 -6.2622956,42.4506042 -6.2622256,42.4505966 -6.2620536,42.450516 -6.2619614,42.4505094 -6.2618375,42.4504658 -6.2617878,42.4504663 -6.2617295,42.4504285 -6.2616245,42.4504113 -6.2613942,42.4503205 -6.2612704,42.4503005 -6.2612126,42.4502533 -6.261091,42.4502331 -6.2609702,42.4501467 -6.2609498,42.4501025 -6.2608282,42.4501149 -6.2606626,42.4500808 -6.2606392,42.4500529 -6.2607029,42.4499804 -6.2605503,42.4500126 -6.2605312,42.4500487 -6.2604308,42.4500945 -6.2603109,42.4500856 -6.2602063,42.4501076 -6.2600872,42.4500635 -6.2600168,42.4500734 -6.2598867,42.4500318 -6.259771,42.4500154 -6.2596303,42.4499619 -6.2595176,42.4499823 -6.2594664,42.4499339 -6.2594638,42.4499113 -6.2595442,42.4498734 -6.2595719,42.4498416 -6.2595421,42.4498156 -6.2594593,42.4497869 -6.2593878,42.4497967 -6.2593558,42.4498602 -6.2593732,42.449913 -6.2593302,42.4499342 -6.2592921,42.4499121 -6.2592581,42.4498536 -6.2589823,42.4498607 -6.258973,42.4498513 -6.2590004,42.4498136 -6.2589354,42.4497474 -6.258883,42.4497558 -6.2588051,42.4498026 -6.2587517,42.449803 -6.2587469,42.4497525 -6.2587188,42.4497327 -6.2586718,42.4497425 -6.2586124,42.4497797 -6.2585636,42.4497775 -6.2585366,42.4498026 -6.2584899,42.4497526 -6.2584533,42.4497537 -6.2584342,42.4497937 -6.2584456,42.4498209 -6.258514,42.4498409 -6.258552,42.4498229 -6.2585826,42.4498655 -6.2585471,42.449896 -6.2585088,42.4499037 -6.2583385,42.4498106 -6.2583352,42.4497472 -6.2582964,42.4497103 -6.2583735,42.4496373 -6.2584067,42.4496756 -6.2584985,42.4497058 -6.2585388,42.449669 -6.2585893,42.4496716 -6.2586391,42.4496457 -6.2586831,42.4495972 -6.2586552,42.4495895 -6.2586285,42.4496162 -6.2585926,42.4496086 -6.2585235,42.4495464 -6.2584622,42.4495394 -6.2585019,42.449521 -6.2585005,42.4494953 -6.2584194,42.4494706 -6.2583695,42.449438 -6.2583296,42.4494724 -6.2582883,42.449556 -6.258235,42.4494602 -6.2581955,42.4494506 -6.2581232,42.449477 -6.2580856,42.4495125 -6.258073,42.4495584 -6.2580246,42.4495762 -6.2579972,42.4496193 -6.257887,42.4495872 -6.2578991,42.4495023 -6.257883,42.4494724 -6.2577915,42.449491 -6.2577239,42.4494873 -6.2577115,42.4495734 -6.2576495,42.44967 -6.2577239,42.449714 -6.257684,42.4497667 -6.2576486,42.4498895 -6.2576063,42.4499528 -6.2575709,42.4499717 -6.2574634,42.4499631 -6.257377,42.449978 -6.2570766,42.4499341 -6.2569504,42.4498582 -6.2568938,42.4498015 -6.2568821,42.4497144 -6.2568983,42.4495789 -6.2568665,42.4495383 -6.2568914,42.4494359 -6.2568532,42.4494021 -6.2567889,42.4493942 -6.2567796,42.4493174 -6.2567311,42.4493163 -6.2567086,42.4493697 -6.2566594,42.4493816 -6.2566454,42.4494175 -6.2566227,42.4494273 -6.2565823,42.4494125 -6.2565737,42.4493519 -6.2565141,42.4493216 -6.2564082,42.4493576 -6.2563742,42.4493351 -6.2562695,42.4493279 -6.2561317,42.449249 -6.2559799,42.4492917 -6.255944,42.449317 -6.2558084,42.4492446 -6.2557959,42.44913 -6.2557377,42.4491167 -6.2557347,42.4491025 -6.2558471,42.4490105 -6.2559548,42.4490323 -6.2560083,42.4490062 -6.2559756,42.4489246 -6.2559248,42.4489153 -6.2559001,42.4488958 -6.2559323,42.448845 -6.2559313,42.4488039 -6.2558676,42.4487649 -6.2558238,42.4487123 -6.2557634,42.4486919 -6.255795,42.4486427 -6.2558056,42.4485235 -6.2558321,42.4484949 -6.2558806,42.4484923 -6.2559215,42.4485049 -6.2559559,42.4485561 -6.2560123,42.448557 -6.2560286,42.4485356 -6.2559884,42.4484846 -6.2559335,42.448481 -6.2559274,42.4484358 -6.25584,42.4483866 -6.2557969,42.4483949 -6.2557625,42.4484486 -6.2557333,42.4484049 -6.2556589,42.4483644 -6.2555153,42.4483376 -6.2554847,42.4483067 -6.2554275,42.4483438 -6.2553815,42.448343 -6.2553844,42.4483258 -6.255441,42.4483157 -6.2554349,42.4482854 -6.2552298,42.4483728 -6.2552477,42.4484042 -6.2553048,42.4484272 -6.2553942,42.4485125 -6.2554859,42.4485481 -6.2556367,42.4485806 -6.255667,42.4486186 -6.2557398,42.4486518 -6.2556686,42.4486541 -6.2556369,42.448706 -6.255688,42.4487414 -6.2557219,42.4487917 -6.2557381,42.4487871 -6.2557381,42.4487522 -6.2557604,42.4487518 -6.2557593,42.4488182 -6.2558175,42.4488192 -6.2557815,42.4488458 -6.2557659,42.4488825 -6.2557308,42.4488672 -6.2556985,42.4488169 -6.2555547,42.4487042 -6.2555186,42.4486932 -6.255448,42.4487045 -6.2554388,42.4486858 -6.2553297,42.4486634 -6.2551725,42.4485048 -6.2548883,42.4485314 -6.2548516,42.4485245 -6.2548005,42.448552 -6.254748,42.4485508 -6.2547113,42.4485776 -6.2546103,42.4485359 -6.2544763,42.4485421 -6.2544236,42.4486295 -6.2544564,42.448785 -6.2544866,42.4488153 -6.2544879,42.4488943 -6.2545608,42.4489871 -6.2545762,42.4490943 -6.2546361,42.4491978 -6.2546721,42.449198 -6.2546881,42.4491696 -6.2546374,42.4491496 -6.2546294,42.4490937 -6.2546657,42.4490881 -6.254703,42.4491272 -6.2547261,42.4491895 -6.2547242,42.4493013 -6.2547592,42.4493904 -6.2547819,42.449427 -6.2548473,42.449468 -6.2548228,42.4495306 -6.2548374,42.4495633 -6.2548742,42.4495801 -6.2548905,42.449537 -6.2549818,42.4495641 -6.2550005,42.4495886 -6.2549934,42.4496111 -6.2549377,42.4495884 -6.2549069,42.4496005 -6.2549327,42.4496565 -6.2551149,42.4496843 -6.2551923,42.4497418 -6.2553391,42.4498107 -6.255531,42.4498873 -6.2556293,42.4499056 -6.2557681,42.4499871 -6.2556794,42.4499841 -6.2555886,42.4500051 -6.2555495,42.449973 -6.2553915,42.4499153 -6.2552294,42.4498741 -6.255178,42.449876 -6.2552608,42.4499531 -6.2552171,42.4499868 -6.2551918,42.4500375 -6.2552441,42.4500597 -6.2553127,42.450127 -6.2554618,42.4501929 -6.2555007,42.4501919 -6.2555821,42.450154 -6.2556528,42.4501897 -6.2555881,42.4502286 -6.2555618,42.4502729 -6.2554781,42.4502682 -6.2554249,42.4502944 -6.2554991,42.450372 -6.2555251,42.4505157 -6.2551474,42.4504453 -6.2550956,42.4503881 -6.2551247,42.4503477 -6.2550833,42.4503045 -6.2550583,42.4502091 -6.2548718,42.4499577 -6.2548326,42.4499291 -6.2548118,42.449879 -6.2548232,42.4498513 -6.2548518,42.4498395 -6.2549786,42.4498537 -6.2549999,42.4498423 -6.2550012,42.4498118 -6.2549693,42.4497972 -6.2549259,42.4498107 -6.2548626,42.4498073 -6.254757,42.4497583 -6.254709,42.4497131 -6.254645,42.4495654 -6.2545746,42.4495295 -6.2546368,42.4495112 -6.2546154,42.4494467 -6.2544968,42.4493656 -6.2545427,42.4493564 -6.2545493,42.4493361 -6.2544806,42.4491782 -6.2544275,42.4490798 -6.2543621,42.4490292 -6.2542925,42.4489084 -6.25426,42.4487728 -6.2542734,42.4486798 -6.2542309,42.4486318 -6.2542604,42.4485083 -6.2543548,42.4484508 -6.254417,42.4483447 -6.2544661,42.4483099 -6.2545094,42.4483196 -6.2542669,42.4480995 -6.2542144,42.4479975 -6.2540816,42.4479669 -6.254044,42.4479788 -6.2539975,42.4479689 -6.2539202,42.4478979 -6.2538565,42.4478897 -6.2538015,42.4479153 -6.2537888,42.4478868 -6.2538243,42.4478449 -6.2538214,42.4478 -6.2536676,42.4477701 -6.2535745,42.4476744 -6.253487,42.4476392 -6.2533908,42.4475613 -6.2533789,42.4476017 -6.2533418,42.4476199 -6.2532852,42.4477124 -6.2532449,42.4476772 -6.2532083,42.4476821 -6.2531178,42.4477184 -6.2530699,42.4477739 -6.2530324,42.4477897 -6.2530433,42.4479309 -6.2529582,42.4479884 -6.2529818,42.4480545 -6.252957,42.448078 -6.2528707,42.4481001 -6.2528094,42.4481355 -6.2527978,42.4481961 -6.2527493,42.4482416 -6.2526786,42.4482695 -6.2526406,42.4482694 -6.2525381,42.4482147 -6.2525625,42.448144 -6.2526424,42.4481341 -6.2526915,42.4480842 -6.252739,42.4480704 -6.252765,42.4480448 -6.2527655,42.4480015 -6.2528176,42.4479559 -6.2529431,42.4479055 -6.2529463,42.4478713 -6.2529057,42.4478252 -6.2529729,42.447787 -6.2529448,42.447734 -6.253003,42.4477031 -6.2529918,42.4476162 -6.2530943,42.4475377 -6.253116,42.4475471 -6.2531323,42.4476091 -6.253153,42.4476247 -6.2531763,42.4476197 -6.2532176,42.447564 -6.2532028,42.4475291 -6.2531493,42.4475219 -6.2531183,42.447499 -6.2531228,42.4474541 -6.2531016,42.4474316 -6.2528828,42.4473346 -6.2527641,42.4473166 -6.2527749,42.4472903 -6.2527617,42.447276 -6.2527298,42.4472684 -6.2525914,42.4473273 -6.2525505,42.4473809 -6.2525449,42.4474197 -6.252465,42.4474151 -6.2524352,42.4473961 -6.2523934,42.4474355 -6.2523544,42.4474197 -6.2524205,42.447316 -6.252444,42.4473158 -6.2525032,42.447357 -6.2525429,42.4473174 -6.2525078,42.4472896 -6.2524564,42.4472788 -6.2524051,42.4472988 -6.2523344,42.4472946 -6.2522209,42.4473629 -6.2523414,42.4474413 -6.2523428,42.4474648 -6.2522035,42.4474333 -6.2521549,42.4474812 -6.2521656,42.4474907 -6.2522177,42.4474624 -6.252246,42.4474686 -6.2522206,42.4475149 -6.2521642,42.4475477 -6.2522355,42.4476555 -6.2522495,42.4476478 -6.2522344,42.4475369 -6.2522729,42.4475095 -6.2523455,42.447529 -6.2523765,42.4475698 -6.2524196,42.4474901 -6.2524467,42.4474929 -6.2524821,42.4475406 -6.2524318,42.4475673 -6.2524509,42.4475898 -6.2525345,42.4475515 -6.2525777,42.4475615 -6.2525676,42.4475806 -6.2525163,42.4475989 -6.2525247,42.4476397 -6.252586,42.4476514 -6.2526149,42.4476723 -6.2526513,42.4476551 -6.2526999,42.4476994 -6.2527077,42.4477542 -6.2526821,42.4477879 -6.2526554,42.4477908 -6.2526423,42.4478262 -6.2526269,42.447821 -6.2526297,42.4477801 -6.2525897,42.4477761 -6.2525148,42.4478219 -6.2524915,42.4478559 -6.2524684,42.4478086 -6.2524745,42.4477662 -6.2524152,42.447726 -6.2522939,42.4477337 -6.2521965,42.4477623 -6.2521822,42.4477342 -6.2522019,42.447687 -6.2521826,42.447668 -6.2521499,42.4476835 -6.2521313,42.4477243 -6.2520088,42.4477171 -6.2519593,42.4477458 -6.2519491,42.4477152 -6.2519914,42.4476651 -6.2518885,42.4476431 -6.2518349,42.4476601 -6.2517993,42.4476995 -6.251725,42.4476974 -6.2516644,42.447666 -6.2516107,42.4477234 -6.2515169,42.4477707 -6.2514269,42.4477347 -6.2513576,42.4476839 -6.2512341,42.4476409 -6.2512258,42.4476217 -6.2512793,42.4475871 -6.2513041,42.4475384 -6.2512103,42.4474925 -6.2511188,42.4474732 -6.2510687,42.4473986 -6.251031,42.4473873 -6.2508576,42.4473962 -6.2506034,42.4473029 -6.2505817,42.4472709 -6.2505382,42.4472715 -6.2504518,42.4472427 -6.2503989,42.4471965 -6.2503588,42.4471852 -6.2503246,42.4471391 -6.2502581,42.4470934 -6.2501651,42.4470842 -6.2501206,42.4470152 -6.250052,42.4470151 -6.250049,42.4470621 -6.2500072,42.4470703 -6.2499159,42.4469692 -6.249897,42.4468864 -6.2497917,42.4468286 -6.2497053,42.4468095 -6.2497042,42.4467845 -6.2497378,42.4467515 -6.2497158,42.4466989 -6.2498207,42.4467259 -6.2498765,42.4467018 -6.249983,42.4466934 -6.2500902,42.4466643 -6.2500191,42.4466099 -6.2499687,42.4466087 -6.2499234,42.4465698 -6.2498596,42.4466325 -6.249823,42.4466156 -6.2498159,42.4464958 -6.2499588,42.4464282 -6.2500028,42.4464404 -6.2499915,42.4464845 -6.2500467,42.4464842 -6.2501535,42.4465366 -6.2501522,42.446584 -6.2502594,42.4466676 -6.2502899,42.446736 -6.2503553,42.4467454 -6.2504236,42.4467869 -6.2504379,42.4469073 -6.2506311,42.4469095 -6.2507467,42.4469488 -6.2507519,42.4470109 -6.2507815,42.4470652 -6.250782,42.4471414 -6.2508371,42.447133 -6.2509652,42.4471824 -6.2509809,42.4471367 -6.2509471,42.4471084 -6.2508699,42.4470828 -6.2508685,42.447058 -6.2509344,42.4470466 -6.2509484,42.447077 -6.2509779,42.4470863 -6.2510744,42.4470337 -6.2510022,42.4469657 -6.2509482,42.446994 -6.2508907,42.4469819 -6.2509085,42.4469345 -6.2508906,42.446915 -6.250802,42.4469095 -6.2507699,42.4468874 -6.2506966,42.4468762 -6.2506841,42.4468436 -6.2507189,42.4468033 -6.2507222,42.4467307 -6.2504911,42.446731 -6.2501693,42.4465483 -6.2501352,42.4465189 -6.2500622,42.4463504 -6.2500059,42.4462725 -6.2498613,42.4462164 -6.2497093,42.4461975 -6.2497439,42.4461136 -6.2497041,42.4460797 -6.2494244,42.4460147 -6.249388,42.4460647 -6.2493351,42.4460972 -6.2493354,42.446132 -6.2492573,42.4462034 -6.2492336,42.4462498 -6.2491744,42.4463101 -6.2491121,42.4463448 -6.2491049,42.4463913 -6.2490633,42.4464179 -6.2490041,42.4463866 -6.2489704,42.4462081 -6.2489342,42.4461748 -6.2487479,42.4462166 -6.2486482,42.4462901 -6.2484691,42.4462744 -6.2484293,42.4463288 -6.2483513,42.446337 -6.2483256,42.446289 -6.2483491,42.4461616 -6.2482894,42.4461329 -6.248215,42.44617 -6.2482845,42.4460031 -6.2482502,42.4459973 -6.2481858,42.4460294 -6.2481226,42.4459945 -6.2481414,42.4459447 -6.2481009,42.4458828 -6.2481019,42.4457643 -6.2480339,42.4456101 -6.2479825,42.4455686 -6.2479784,42.445518 -6.2479214,42.445388 -6.2478618,42.4453447 -6.2478749,42.4452936 -6.2475815,42.4451181 -6.247445,42.4450878 -6.2473057,42.4449432 -6.247232,42.4447239 -6.2471851,42.4447042 -6.2471163,42.4446298 -6.2470078,42.444583 -6.2469525,42.4444906 -6.2466777,42.444408 -6.2466297,42.4443658 -6.2464991,42.4443114 -6.246488,42.4442547 -6.2464597,42.4442244 -6.2464298,42.4442169 -6.2463987,42.4442345 -6.2463582,42.4442064 -6.246321,42.4442239 -6.2462681,42.4442204 -6.2462236,42.4442341 -6.246157,42.444217 -6.2460845,42.4442199 -6.2459897,42.4441907 -6.2459603,42.4441543 -6.2459052,42.4441361 -6.2459021,42.4440845 -6.2458773,42.4440683 -6.2456286,42.4440549 -6.2455834,42.444028 -6.2455806,42.4439808 -6.2453877,42.4439515 -6.2453465,42.4439672 -6.2452992,42.4439527 -6.245229,42.4439565 -6.245088,42.4440159 -6.2449561,42.4440388 -6.2449276,42.4439723 -6.2448874,42.4440036 -6.2447067,42.4440611 -6.2447034,42.4440879 -6.2446443,42.4440821 -6.2445556,42.4441109 -6.2445303,42.4441377 -6.244464,42.4441333 -6.2443736,42.4441682 -6.2443221,42.44416 -6.2442888,42.4441876 -6.244205,42.4441712 -6.2440269,42.444186 -6.243426,42.444188 -6.2433914,42.4442007 -6.2427334,42.444133 -6.2425563,42.4440838 -6.24221,42.4440432 -6.2420768,42.4440474 -6.2418513,42.4440816 -6.2418147,42.4440792 -6.2418038,42.4440646 -6.2415443,42.4441282 -6.2415134,42.4441769 -6.2415078,42.4442343 -6.2413287,42.4443581 -6.2412645,42.4443833 -6.2411841,42.4443784 -6.2410963,42.4444419 -6.2408111,42.4444824 -6.2407373,42.4444676 -6.2404915,42.4445526 -6.2404542,42.4446069 -6.2403223,42.4446189 -6.2402677,42.444658 -6.2400776,42.4447046 -6.2399942,42.4447682 -6.2398561,42.4448364 -6.2396994,42.4448874 -6.2395405,42.4449169 -6.2392644,42.4449031 -6.2391702,42.4448508 -6.2390491,42.4447526 -6.2388369,42.4445307 -6.2387143,42.4442442 -6.2385049,42.4439604 -6.2384309,42.4438418 -6.2384086,42.4437651 -6.2383265,42.4436559 -6.2382888,42.4431012 -6.2382305,42.4431122 -6.2381532,42.4430359 -6.2380409,42.4429994 -6.2381691,42.4429399 -6.2381413,42.4428757 -6.2387035,42.4427009 -6.2386935,42.4427566 -6.2387566,42.4427917 -6.2387629,42.4428961 -6.2388246,42.4429253 -6.2387729,42.4429649 -6.2387794,42.4429842 -6.2388203,42.4430066 -6.2388345,42.4430471 -6.2389639,42.4431187 -6.2389821,42.4431811 -6.2390173,42.4432022 -6.2390061,42.4432337 -6.2390516,42.4432585 -6.2390528,42.443304 -6.2391046,42.443324 -6.2391966,42.4433064 -6.2392558,42.4433774 -6.2392481,42.4434336 -6.2392742,42.443453 -6.2392467,42.4436105 -6.2391832,42.4436552 -6.2390189,42.4436963 -6.2390065,42.4437261 -6.2390431,42.4437641 -6.2389468,42.4439002 -6.2389467,42.4439281 -6.2389702,42.4439494 -6.2390639,42.4439478 -6.2390965,42.4439667 -6.2391178,42.4439913 -6.23909,42.4440346 -6.2390624,42.444049 -6.2389847,42.4439805 -6.238923,42.4439635 -6.2388532,42.4439809 -6.2388469,42.4439979 -6.2389759,42.4440347 -6.238966,42.4440708 -6.2389958,42.4441159 -6.2389756,42.4441555 -6.239023,42.4442119 -6.2390466,42.444328 -6.2390555,42.4443037 -6.2390708,42.4443315 -6.2391494,42.4443568 -6.2391223,42.4444039 -6.2392481,42.4445464 -6.2394173,42.4446782 -6.2394751,42.4447082 -6.2395392,42.4447154 -6.239688,42.444674 -6.2397478,42.4446268 -6.2396017,42.4445813 -6.2394839,42.4445961 -6.2394347,42.4445865 -6.2394211,42.4445154 -6.2394371,42.4444641 -6.2394056,42.4444624 -6.2393847,42.4444799 -6.2392552,42.4444165 -6.2392529,42.4443388 -6.2392213,42.4442739 -6.2392427,42.4442031 -6.2393429,42.4441714 -6.2393894,42.4441808 -6.2394012,42.4441927 -6.2393845,42.4442567 -6.239479,42.444299 -6.2395564,42.4444036 -6.2396708,42.4443869 -6.239741,42.4444546 -6.2398824,42.4444638 -6.239921,42.4445131 -6.239992,42.4445036 -6.2399971,42.444535 -6.2400112,42.4445305 -6.2402211,42.4443739 -6.2401499,42.444295 -6.2401821,42.4442189 -6.240283,42.4442404 -6.2403516,42.4442987 -6.2404784,42.4442831 -6.240519,42.4442549 -6.2406156,42.4442613 -6.2406682,42.444241 -6.240681,42.4441944 -6.2407299,42.4441887 -6.2407649,42.4441542 -6.2407399,42.4441207 -6.2407512,42.4441016 -6.2407887,42.4441125 -6.2408382,42.4441027 -6.2408538,42.4441303 -6.2408944,42.4441406 -6.2411466,42.4440554 -6.2411274,42.4440189 -6.2410339,42.4440031 -6.2409731,42.4440304 -6.240935,42.4440777 -6.2408791,42.444064 -6.2408513,42.4440823 -6.2407294,42.4440601 -6.240743,42.4440262 -6.2407945,42.4440006 -6.2408078,42.4439768 -6.2408798,42.4439874 -6.240899,42.4439703 -6.2408845,42.4439242 -6.2408998,42.4438808 -6.2408383,42.4438674 -6.2408041,42.443821 -6.2407441,42.4438098 -6.2407816,42.443687 -6.2408397,42.4436436 -6.2408142,42.4436029 -6.2408589,42.4435803 -6.2408861,42.4436236 -6.2408832,42.443654 -6.2409336,42.4437099 -6.240943,42.4437486 -6.2409215,42.4438113 -6.2409653,42.4438839 -6.2410337,42.4438896 -6.2410988,42.4439221 -6.2412121,42.4439311 -6.2412884,42.4438885 -6.2412924,42.4438307 -6.2413609,42.4438077 -6.2414875,42.4438466 -6.2415089,42.4438672 -6.2415074,42.4439022 -6.2415514,42.4439014 -6.2416868,42.4439531 -6.2419087,42.4439302 -6.2419729,42.4439099 -6.2420883,42.4439172 -6.2421953,42.44387 -6.242266,42.4438962 -6.2423251,42.4438976 -6.2423654,42.4438743 -6.2424378,42.4438724 -6.2424981,42.4438498 -6.2426459,42.4439209 -6.2426897,42.4439229 -6.2428763,42.4440258 -6.2429144,42.4440175 -6.2430528,42.4440597 -6.2434924,42.4440825 -6.2435603,42.4440788 -6.2436207,42.4440486 -6.2437092,42.4440572 -6.2437836,42.444042 -6.2438793,42.4440798 -6.2439216,42.4440796 -6.2439724,42.4440581 -6.2440841,42.4440888 -6.2441614,42.4440847 -6.244219,42.4440579 -6.2442541,42.4440589 -6.2442936,42.4440051 -6.2443663,42.4440196 -6.2444302,42.4440018 -6.2445426,42.4439042 -6.2446198,42.4439035 -6.2446486,42.443839 -6.2446848,42.4438234 -6.2447681,42.4438283 -6.2447815,42.4437913 -6.2448653,42.4437449 -6.2449235,42.4437705 -6.2450597,42.4437691 -6.2451659,42.4438314 -6.2454413,42.4438511 -6.2456096,42.4438789 -6.2458449,42.4438422 -6.2464943,42.4439706 -6.2467102,42.443942 -6.2468367,42.4439526 -6.2469387,42.4439334 -6.2469712,42.443962 -6.2470744,42.4439596 -6.2471141,42.4439078 -6.2473424,42.443837 -6.2475053,42.4436927 -6.247568,42.4436585 -6.2476799,42.443629 -6.2477231,42.4435693 -6.2477922,42.4435379 -6.247926,42.4434946 -6.2484023,42.4434889 -6.2484982,42.4435488 -6.2485837,42.4435477 -6.2486119,42.4435718 -6.2485849,42.4436117 -6.2484938,42.4436712 -6.2484687,42.4437432 -6.2484178,42.4437671 -6.2483891,42.4438046 -6.2483894,42.4438793 -6.2483182,42.4439293 -6.2483328,42.4439594 -6.2484467,42.4439942 -6.2485761,42.4441181 -6.2486066,42.4442213 -6.2485636,42.4442603 -6.2485622,42.4442851 -6.2488283,42.4443631 -6.2488984,42.4444046 -6.2490924,42.4444706 -6.2491968,42.444529 -6.2495353,42.4446516 -6.2495805,42.4446944 -6.2496754,42.4447462 -6.249743,42.4448185 -6.2497804,42.4448304 -6.2499216,42.4449478 -6.2499318,42.445058 -6.2498966,42.4450684 -6.2498703,42.4450379 -6.2498066,42.4450555 -6.2497894,42.4450858 -6.2498127,42.4451188 -6.2498997,42.445149 -6.2499211,42.4451972 -6.2499467,42.4451949 -6.2499737,42.4451586 -6.2500035,42.4451515 -6.2499535,42.4452285 -6.2499564,42.4452572 -6.2500366,42.4452561 -6.2500915,42.4452989 -6.250144,42.4452906 -6.2501877,42.4453483 -6.2501786,42.4453612 -6.2501124,42.4453134 -6.2500577,42.4453239 -6.2500371,42.445358 -6.2500963,42.4453579 -6.2501456,42.4454161 -6.2502019,42.4454102 -6.2502507,42.4453737 -6.2503275,42.4453495 -6.250318,42.4453088 -6.25035,42.4452918 -6.2503895,42.4453583 -6.2505009,42.4454063 -6.2505294,42.4453871 -6.2505771,42.4453962 -6.2506029,42.4454601 -6.2506622,42.4454772 -6.2505732,42.445527 -6.2505721,42.4455597 -6.2505967,42.4455804 -6.2506362,42.4455721 -6.2507277,42.4455076 -6.2507843,42.4455406 -6.2508897,42.445548 -6.2509258,42.4455881 -6.2509903,42.4455981 -6.2510839,42.4456384 -6.2513384,42.4456775 -6.2514299,42.4457351 -6.2515327,42.4457431 -6.251574,42.445777 -6.2516459,42.4457881 -6.2517607,42.4457669 -6.251818,42.4457818 -6.2518523,42.4457701 -6.2519777,42.4458124 -6.2520646,42.4458188 -6.2520964,42.4458598 -6.2521403,42.4458788 -6.2522848,42.4458968 -6.2525076,42.4459792 -6.2527059,42.4460146 -6.252805,42.4460578 -6.2528827,42.4460673 -6.2530561,42.4461328 -6.2530935,42.4461635 -6.2531559,42.4461604 -6.2532366,42.4461819 -6.253353,42.4462494 -6.2534705,42.4462954 -6.2535013,42.4463454 -6.253551,42.446355 -6.2535975,42.4463265 -6.2536659,42.4463636 -6.2537075,42.4464089 -6.2537587,42.4464258 -6.2537937,42.4465019 -6.2538409,42.4465213 -6.2538679,42.4465522 -6.2539205,42.446563 -6.2539669,42.4466257 -6.2540645,42.4466888 -6.2540714,42.4467502 -6.2540981,42.4467805 -6.254081,42.4468112 -6.2540925,42.4468265 -6.2541443,42.4468363 -6.2542072,42.4467808 -6.2542654,42.4467923 -6.2542554,42.44685 -6.2542139,42.4468733 -6.2542082,42.4469008 -6.254232,42.4469117 -6.2542873,42.4468837 -6.2543114,42.4468924 -6.2543007,42.4469261 -6.2542475,42.4469413 -6.2542324,42.4469613 -6.2542688,42.4469827 -6.2542823,42.4470176 -6.2543383,42.4470281 -6.2543448,42.4470435 -6.2543202,42.4470569 -6.254258,42.4470338 -6.2541675,42.44708 -6.254195,42.4471164 -6.2542558,42.4471191 -6.2542964,42.4471777 -6.2543449,42.4471964 -6.2543833,42.4472475 -6.2544273,42.4472396 -6.254435,42.4472094 -6.2544523,42.4472154 -6.2544438,42.4472694 -6.2544136,42.4472982 -6.2544814,42.4473019 -6.2544947,42.4473672 -6.2545186,42.4473946 -6.2546269,42.4473878 -6.2546632,42.4473524 -6.2547134,42.4473353 -6.2547421,42.4473913 -6.2547844,42.447374 -6.2548087,42.447392 -6.2549462,42.4473736 -6.2550826,42.4474004 -6.2551367,42.4473359 -6.2551759,42.4473186 -6.2552612,42.4473318 -6.2553825,42.4473017 -6.2555568,42.4473192 -6.2556225,42.4472711 -6.2556129,42.4472237 -6.255575,42.4471754 -6.2555244,42.4471611 -6.2554142,42.4471624 -6.2552837,42.4471303 -6.2553256,42.4470955 -6.2553481,42.4470329 -6.2553925,42.4470056 -6.2554232,42.4470186 -6.2553934,42.4470527 -6.2554108,42.4470762 -6.2554715,42.4470467 -6.2555273,42.4470867 -6.2555762,42.4470648 -6.2556772,42.4470654 -6.2557459,42.4470709 -6.2557787,42.4471007 -6.2557866,42.4470616 -6.2558202,42.4470537 -6.2558812,42.4471374 -6.2559788,42.4471746 -6.2559859,42.4472482 -6.256019,42.4472512 -6.2560529,42.4472338 -6.2560803,42.4472604 -6.2561524,42.4472864 -6.2561973,42.4473367 -6.2562763,42.4473838 -6.256354,42.4473844 -6.2563995,42.4473346 -6.2563948,42.4473106 -6.2563179,42.4472736 -6.2563138,42.447247 -6.2563453,42.4472458 -6.2563879,42.4472783 -6.2564467,42.4472811 -6.2564979,42.4472243 -6.2565182,42.4472236 -6.256533,42.4472647 -6.2565917,42.4473117 -6.2566643,42.4473261 -6.2566079,42.4474152 -6.2566156,42.4474392 -6.2566445,42.4474461 -6.2566721,42.4474284 -6.2567121,42.4473375 -6.25676,42.4473457 -6.2567466,42.4474262 -6.2566988,42.4474842 -6.2567006,42.4475192 -6.2567282,42.4475473 -6.2567762,42.4475302 -6.2568015,42.4473998 -6.2568276,42.4473777 -6.2569246,42.4473695 -6.2569406,42.4473968 -6.2569724,42.447402 -6.2570202,42.4473608 -6.2571086,42.4474571 -6.2572974,42.447541 -6.2572974,42.4475967 -6.2573244,42.4476059 -6.2573536,42.4475959 -6.2574689,42.4476561 -6.257715,42.4476324 -6.2577346,42.4476513 -6.2577729,42.4476547 -6.2578294,42.4476445 -6.2578694,42.4476154 -6.2579665,42.4476057 -6.2579907,42.4475904 -6.2579946,42.4475452 -6.2579459,42.4475451 -6.2579159,42.4475637 -6.2578618,42.447544 -6.2578553,42.4475727 -6.2578221,42.4475922 -6.2577207,42.4475606 -6.2577166,42.4475214 -6.2577888,42.4475464 -6.2578516,42.447517 -6.2578584,42.4474963 -6.2578096,42.4474663 -6.2578688,42.4474614 -6.2580011,42.4475227 -6.2580971,42.4475198 -6.2581799,42.447547 -6.2583334,42.4475559 -6.2583539,42.4475725 -6.2583491,42.4476028 -6.2586124,42.4476069 -6.2587387,42.4475885 -6.258824,42.4476097</coordinates></LinearRing></outerBoundaryIs><innerBoundaryIs><LinearRing><coordinates>-6.251045,42.4466943 -6.2509651,42.4466869 -6.2509918,42.4466413 -6.2509768,42.4466278 -6.2508622,42.446722 -6.2509117,42.4467401 -6.2509578,42.4467956 -6.2510609,42.4468175 -6.2510832,42.4467942 -6.251043,42.4467678 -6.251045,42.4466943</coordinates></LinearRing></innerBoundaryIs><innerBoundaryIs><LinearRing><coordinates>-6.2511887,42.4465946 -6.2512057,42.4465584 -6.2511902,42.4465294 -6.2511005,42.4465395 -6.2510347,42.4465121 -6.2510162,42.4465728 -6.251065,42.4466088 -6.2511612,42.4466016 -6.2512083,42.4466303 -6.2512958,42.4466534 -6.2513684,42.4466241 -6.2514356,42.4466391 -6.2514675,42.4466308 -6.2514434,42.4465904 -6.2513784,42.4465908 -6.2513171,42.446522 -6.2512707,42.4465514 -6.2512703,42.4466221 -6.2511887,42.4465946</coordinates></LinearRing></innerBoundaryIs></Polygon></Placemark></Folder><Folder><name>Vía pecuaria (1)</name><Placemark><name>Vía pecuaria</name><styleUrl>#vias_pecuarias</styleUrl><description>1 elementos a menos de 1,000 m</description><MultiGeometry><LineString><coordinates>-6.2485225,42.4419723 -6.248629,42.4420257 -6.2487932,42.4421655 -6.2488885,42.4422151 -6.2489536,42.4422278 -6.249329,42.4422701 -6.2502096,42.4422634 -6.2505519,42.4422812 -6.2510203,42.4423226 -6.2513079,42.4423592 -6.2515446,42.442421 -6.2522645,42.4426506 -6.2526098,42.442718 -6.2528824,42.4428076 -6.2533693,42.4428593 -6.2539646,42.442859</coordinates></LineString><LineString><coordinates>-6.2539786,42.4428633 -6.2533758,42.4428639 -6.2528806,42.442812 -6.2526078,42.4427223 -6.2522626,42.4426549 -6.2515424,42.4424252 -6.2513064,42.4423636 -6.2510194,42.4423271 -6.2502095,42.4422679 -6.2493286,42.4422746 -6.2489495,42.4422319 -6.2488694,42.4422107 -6.2487891,42.4421689 -6.2486249,42.4420291 -6.2485115,42.4419722</coordinates></LineString></MultiGeometry></Placemark></Folder><Folder><name>Zona inundable T=500 años (87)</name><Placemark><name>Zona inundable T=500 años</name><styleUrl>#snczi_t500</styleUrl><description>87 elementos a menos de 1,000 m</description><Polygon><outerBoundaryIs><LinearRing><coordinates>-6.260749,42.4479926 -6.2608607,42.4479033 -6.2609882,42.4479148 -6.2610605,42.447944 -6.2610968,42.4479915 -6.2611958,42.4480566 -6.2612268,42.4481222 -6.2612218,42.4481587 -6.261268,42.4481868 -6.2613737,42.4481845 -6.2614354,42.448219 -6.261488,42.4482083 -6.2616017,42.448215 -6.2616407,42.4481918 -6.2617318,42.4481745 -6.2617919,42.4482013 -6.2620094,42.4482099 -6.2620944,42.4482442 -6.2622073,42.4482125 -6.2622525,42.4482329 -6.2622376,42.4482897 -6.2622949,42.4483131 -6.2623589,42.4482397 -6.2623886,42.4482273 -6.2624096,42.4482303 -6.262416,42.4482593 -6.2625143,42.4482722 -6.2626895,42.4482642 -6.2627416,42.4482301 -6.2627556,42.4482016 -6.2626742,42.4481646 -6.2626677,42.4481467 -6.2626931,42.4481289 -6.2627681,42.4481309 -6.2628268,42.4481776 -6.2628344,42.4482175 -6.2628525,42.4482262 -6.262935,42.4481837 -6.2629511,42.4481315 -6.2630162,42.4481081 -6.2631865,42.4481047 -6.2632691,42.4481363 -6.263313,42.4481378 -6.2633543,42.4481009 -6.2634007,42.4480862 -6.2634416,42.4480391 -6.2636206,42.4480498 -6.2636811,42.4480815 -6.2637815,42.4481052 -6.2638693,42.4480933 -6.2638738,42.4480466 -6.2640083,42.4480819 -6.264062,42.4480085 -6.2640142,42.448007 -6.2639523,42.4480506 -6.2639188,42.4480121 -6.2638709,42.4479939 -6.2639176,42.4479882 -6.2639779,42.4479524 -6.2640241,42.4479544 -6.2640474,42.4479349 -6.2641055,42.4479463 -6.2641775,42.4478765 -6.2643494,42.447792 -6.2645602,42.4476247 -6.2645914,42.4476235 -6.2647956,42.4476916 -6.2648319,42.4477529 -6.2648073,42.4477686 -6.2647367,42.4477645 -6.2647279,42.4478025 -6.2646869,42.4478452 -6.2646603,42.4479015 -6.2646714,42.4479977 -6.2646409,42.4480469 -6.2646163,42.4481638 -6.2645652,42.4481733 -6.2645971,42.4481303 -6.264563,42.4480846 -6.264483,42.4480895 -6.2644365,42.4481368 -6.2643845,42.4481516 -6.264359,42.4481749 -6.2643056,42.4482413 -6.2642936,42.4482837 -6.264216,42.4482969 -6.2642249,42.448321 -6.2643159,42.4483212 -6.264336,42.4483945 -6.2644127,42.448427 -6.2644239,42.4484664 -6.2644103,42.4484942 -6.264279,42.4486126 -6.2640337,42.4486996 -6.2639256,42.4487801 -6.2638757,42.4488445 -6.2639185,42.4488725 -6.2639366,42.448907 -6.2637073,42.4488484 -6.2636513,42.4488153 -6.2634531,42.4487872 -6.2634178,42.4487546 -6.2634443,42.4486599 -6.2634256,42.4486303 -6.2633912,42.4486314 -6.2633263,42.4486687 -6.2632351,42.4486605 -6.2631785,42.448676 -6.2629979,42.4486483 -6.2629741,42.4486602 -6.2629448,42.448721 -6.262912,42.4487087 -6.2628797,42.4486379 -6.2628291,42.4486185 -6.2627696,42.448569 -6.2626793,42.4486342 -6.2626841,42.4486687 -6.2627585,42.4486848 -6.2627009,42.4487373 -6.2627292,42.4488103 -6.2627062,42.4488315 -6.2625756,42.4488355 -6.2625497,42.4488634 -6.2624865,42.4487893 -6.2624326,42.4488068 -6.2623147,42.4487929 -6.2622715,42.4488041 -6.2622281,42.4488384 -6.2621665,42.4488238 -6.2621034,42.448834 -6.2620674,42.4488592 -6.2620403,42.4489099 -6.2619676,42.4489223 -6.2618911,42.4489756 -6.2619392,42.4490029 -6.261949,42.4490354 -6.2619841,42.4490549 -6.2620008,42.4490867 -6.2620427,42.4490885 -6.2620804,42.4490603 -6.262101,42.4490647 -6.2622404,42.4491254 -6.2623534,42.4492081 -6.2623252,42.449308 -6.2623673,42.4493578 -6.2624782,42.4493876 -6.2625293,42.4493781 -6.2625249,42.4493503 -6.2624775,42.449357 -6.2624347,42.4493241 -6.262502,42.4492759 -6.2625727,42.4492694 -6.2626065,42.449287 -6.2626314,42.4493452 -6.2627008,42.449343 -6.2628165,42.4493969 -6.2628573,42.4493861 -6.2628843,42.4493572 -6.2629425,42.4493968 -6.2630386,42.4494048 -6.2631057,42.4494298 -6.2631784,42.4494039 -6.2631942,42.4493675 -6.263114,42.4492186 -6.2630742,42.4492066 -6.2630147,42.4492206 -6.2629581,42.4492056 -6.2629156,42.4492151 -6.2628507,42.4492005 -6.2626738,42.4492202 -6.2625761,42.4491541 -6.2625693,42.4490715 -6.2624868,42.4490324 -6.2625704,42.4489921 -6.2626242,42.448939 -6.2626003,42.4489007 -6.2626104,42.4488853 -6.2627582,42.4488712 -6.262788,42.4488299 -6.2628196,42.4488159 -6.2628953,42.4488801 -6.2629532,42.4489834 -6.2629447,42.4490558 -6.2629721,42.4490766 -6.2630082,42.4490658 -6.2630199,42.449004 -6.2630887,42.4489525 -6.2630839,42.4488587 -6.2630995,42.4488404 -6.2631879,42.448856 -6.2632765,42.4488243 -6.2633731,42.4488684 -6.2634782,42.448868 -6.2635031,42.4489186 -6.2634302,42.4489653 -6.2632872,42.4489251 -6.2632524,42.4489824 -6.2630535,42.4490095 -6.2630653,42.4491095 -6.2631349,42.4491611 -6.2632498,42.4491409 -6.2632661,42.4490942 -6.2632291,42.4490417 -6.2633395,42.4489976 -6.2633776,42.4490071 -6.2634272,42.4490604 -6.2635445,42.4490906 -6.2635028,42.4492091 -6.2634198,42.4493004 -6.2634594,42.4493812 -6.2634336,42.4494573 -6.2633888,42.4494903 -6.2634135,42.4495347 -6.2633804,42.4495386 -6.2633476,42.4494842 -6.2632869,42.4494948 -6.2632667,42.4495296 -6.2634402,42.4495704 -6.2635729,42.4497006 -6.2636272,42.4496289 -6.2636316,42.4497005 -6.2638085,42.449812 -6.2639227,42.4498611 -6.2639597,42.4498166 -6.263994,42.4498061 -6.2640818,42.4498271 -6.2641278,42.4498816 -6.2641326,42.4499371 -6.2641952,42.4499666 -6.2642292,42.4500203 -6.2642652,42.4500128 -6.2643692,42.4500613 -6.264414,42.4500527 -6.2645192,42.4501105 -6.2645931,42.4501089 -6.2646256,42.4501256 -6.264636,42.4501665 -6.2646844,42.4502058 -6.2648031,42.4502122 -6.2650597,42.4503046 -6.2650579,42.4503354 -6.2650295,42.4503409 -6.26472,42.4502743 -6.2646635,42.4503328 -6.2647034,42.4503491 -6.2647709,42.4504131 -6.2648508,42.4504249 -6.2650573,42.4504124 -6.2651158,42.4503823 -6.2651208,42.4503282 -6.2652139,42.4503368 -6.2652273,42.450355 -6.2652072,42.450392 -6.2652223,42.4504179 -6.2653186,42.4504239 -6.2653774,42.4504608 -6.2653405,42.4504788 -6.2653219,42.4505395 -6.2652559,42.4505503 -6.265237,42.4505344 -6.2652528,42.4504667 -6.265069,42.4504759 -6.265053,42.4505426 -6.2650807,42.4505815 -6.2650636,42.4506248 -6.2650773,42.4506625 -6.26514,42.4507021 -6.265334,42.450716 -6.2654176,42.4506716 -6.2655524,42.4507295 -6.2656331,42.4507026 -6.2656812,42.4507697 -6.2658489,42.4507898 -6.2658689,42.4508248 -6.2659065,42.4508306 -6.2659267,42.4508167 -6.2659135,42.45078 -6.2659884,42.4507399 -6.2660117,42.4506739 -6.2660494,42.4506496 -6.2660701,42.4507235 -6.2661188,42.4507422 -6.2661404,42.4507882 -6.2662189,42.4508271 -6.2662282,42.4508572 -6.2661943,42.4509071 -6.2661918,42.4509539 -6.2662647,42.4509958 -6.2662907,42.4510375 -6.2663244,42.4510292 -6.2663387,42.451001 -6.2664141,42.4509744 -6.2664859,42.4509754 -6.2664294,42.4509328 -6.2664383,42.4509191 -6.2665239,42.450923 -6.2665439,42.450958 -6.2665787,42.4509629 -6.2666174,42.4508991 -6.2667441,42.4508815 -6.2667349,42.4509387 -6.2667164,42.4509441 -6.2666885,42.4509246 -6.2666681,42.4509356 -6.2666391,42.4510873 -6.2667296,42.451101 -6.266741,42.451087 -6.2667253,42.4510456 -6.2668106,42.4510438 -6.2669789,42.4511177 -6.267017,42.4511785 -6.2672953,42.4512499 -6.2673656,42.4514427 -6.2675491,42.4517792 -6.2668767,42.4517081 -6.2663625,42.4517554 -6.2660058,42.4517445 -6.2657687,42.4517222 -6.265555,42.451679 -6.2654133,42.4516089 -6.2652508,42.4514263 -6.2651176,42.4513802 -6.2643767,42.4512553 -6.2640182,42.4511538 -6.2635252,42.4509491 -6.2633024,42.4508937 -6.2630933,42.4508196 -6.2627509,42.4506304 -6.2626613,42.4506039 -6.2625074,42.4505181 -6.2624758,42.45052 -6.2624661,42.4505436 -6.2625281,42.4505862 -6.2625893,42.4505959 -6.2625973,42.4506506 -6.2625565,42.4506755 -6.2625061,42.4506625 -6.2624168,42.4506826 -6.2623303,42.4506059 -6.2622989,42.4506158 -6.2622256,42.4505966 -6.2620418,42.4505154 -6.2619559,42.4505154 -6.2618486,42.4504753 -6.2617812,42.4504687 -6.2617324,42.4504376 -6.2616093,42.4504098 -6.2614421,42.4503513 -6.2613977,42.4503221 -6.2612704,42.4503005 -6.2612029,42.4502524 -6.2610899,42.450242 -6.2610492,42.4501967 -6.2609659,42.4501496 -6.2609513,42.4501033 -6.2608538,42.4501246 -6.2606524,42.450082 -6.2606172,42.4500601 -6.2606694,42.4500173 -6.260665,42.4499975 -6.2605497,42.4500129 -6.2605415,42.4500504 -6.2604085,42.4501023 -6.2602817,42.4500935 -6.2601911,42.4501091 -6.2600651,42.4500735 -6.2600016,42.4500849 -6.259885,42.450041 -6.2596725,42.4500038 -6.2596187,42.449971 -6.259526,42.4499932 -6.2594747,42.4499512 -6.2593776,42.4499589 -6.2592116,42.4498804 -6.259104,42.4498665 -6.2590073,42.4498821 -6.2589374,42.4498643 -6.2588696,42.4498683 -6.258861,42.4498551 -6.2588856,42.4498381 -6.258954,42.4498436 -6.2589876,42.449831 -6.2589787,42.4497885 -6.2589434,42.4497521 -6.2588933,42.4497556 -6.2587926,42.4498112 -6.2587426,42.4498185 -6.2587385,42.449745 -6.2587223,42.4497328 -6.2586757,42.4497422 -6.2586194,42.4497824 -6.2585641,42.4497777 -6.2585366,42.4498037 -6.2584948,42.4497578 -6.2584517,42.4497586 -6.2584365,42.4497945 -6.2584473,42.4498131 -6.2584973,42.4498335 -6.2585591,42.4498221 -6.2585825,42.4498634 -6.2585453,42.4499039 -6.2585164,42.4499118 -6.2583517,42.4498383 -6.2583251,42.4498083 -6.2583334,42.4497518 -6.2582863,42.4497087 -6.2583242,42.4496977 -6.2583706,42.4496376 -6.2584067,42.4496757 -6.2584864,42.4497054 -6.2585387,42.4496682 -6.2586132,42.4496588 -6.2586336,42.4496298 -6.258571,42.4496011 -6.2585163,42.4495426 -6.2584548,42.4495376 -6.2584911,42.4494956 -6.2583695,42.449438 -6.2583288,42.4494752 -6.2583011,42.4495566 -6.2582777,42.4495515 -6.2582724,42.4495115 -6.2582384,42.4494652 -6.2581943,42.4494514 -6.2581204,42.4494864 -6.258073,42.4495584 -6.2580217,42.4495835 -6.2580197,42.4496211 -6.2580622,42.4496696 -6.2581602,42.449658 -6.2582112,42.4496715 -6.2582331,42.4496324 -6.258287,42.4496427 -6.2582374,42.4496787 -6.2582238,42.4497148 -6.2581689,42.4497393 -6.2580123,42.4497505 -6.2578503,42.4497162 -6.2577984,42.4496748 -6.2577991,42.449653 -6.2578468,42.4496632 -6.2579375,42.4496374 -6.2579724,42.4496862 -6.2580006,42.4496944 -6.2579878,42.4496223 -6.257887,42.4495872 -6.2578961,42.4495214 -6.257879,42.4494803 -6.2577856,42.4494976 -6.2577358,42.449486 -6.2577101,42.4495849 -6.2576504,42.4496668 -6.257669,42.4496877 -6.25775,42.4497064 -6.2576976,42.4497548 -6.2576617,42.4498709 -6.2576077,42.4499562 -6.2575453,42.4499873 -6.2574677,42.4499734 -6.2573917,42.4499943 -6.257088,42.4499523 -6.2569619,42.4498763 -6.2568835,42.4498026 -6.2568976,42.4495829 -6.2568578,42.4495373 -6.2568889,42.4494891 -6.2568914,42.449436 -6.2568429,42.4494028 -6.2567827,42.4493901 -6.2567682,42.4493571 -6.2567787,42.4493182 -6.2567344,42.4493186 -6.256708,42.4493797 -6.2566594,42.4493816 -6.2566454,42.4494175 -6.2566227,42.4494273 -6.2565822,42.4494224 -6.2565758,42.4493544 -6.2565141,42.4493216 -6.2564105,42.449367 -6.2563742,42.4493351 -6.2562488,42.4493276 -6.2561438,42.4492596 -6.2561056,42.4492544 -6.2559449,42.4493177 -6.2559294,42.4492995 -6.2558377,42.4492729 -6.2557909,42.4492438 -6.2558071,42.4492027 -6.2557959,42.44913 -6.2557316,42.4491223 -6.2557347,42.4491025 -6.2558372,42.4490093 -6.2559572,42.4490247 -6.2560077,42.4490092 -6.2559731,42.4489238 -6.2558895,42.4488939 -6.2559317,42.4488392 -6.2559313,42.4488039 -6.2558698,42.4487677 -6.2558238,42.4487123 -6.2557628,42.4486903 -6.2557791,42.4486617 -6.255765,42.4486324 -6.2557992,42.4485479 -6.2557247,42.448516 -6.255765,42.4484825 -6.2559036,42.4484841 -6.2559257,42.4484706 -6.2559151,42.448436 -6.2558425,42.4484032 -6.2557954,42.4484148 -6.2557613,42.448458 -6.255628,42.4483907 -6.2555262,42.4484015 -6.2554677,42.4483689 -6.2554219,42.4483973 -6.2553239,42.4484169 -6.2553743,42.4484573 -6.2554004,42.4485158 -6.2554859,42.4485481 -6.2556298,42.4485728 -6.2556639,42.4486125 -6.2557407,42.4486527 -6.2556698,42.4486549 -6.2556518,42.4487066 -6.2557251,42.4487924 -6.2557381,42.4487522 -6.2557616,42.448753 -6.2557593,42.4488182 -6.2558186,42.4488208 -6.2557801,42.4488479 -6.2557785,42.4488912 -6.2557441,42.4488822 -6.2556985,42.4488169 -6.2555477,42.4487144 -6.2554414,42.4487049 -6.2554377,42.4486855 -6.2553297,42.4486634 -6.2551717,42.4485049 -6.2550595,42.4485198 -6.2550136,42.4485434 -6.2548824,42.4485303 -6.2547511,42.4485684 -6.2547331,42.4486134 -6.2546369,42.4485553 -6.2544801,42.4485504 -6.2544376,42.4486219 -6.2544471,42.4487222 -6.2545327,42.4488061 -6.2545121,42.4488651 -6.2545744,42.448971 -6.2547341,42.4489211 -6.2548325,42.4488604 -6.2549219,42.4488704 -6.2549327,42.4488469 -6.2548941,42.448826 -6.2549098,42.4488059 -6.2549369,42.4488082 -6.2549811,42.4488439 -6.2550038,42.4488985 -6.2549267,42.4489142 -6.2549527,42.4489693 -6.2548832,42.449042 -6.2548604,42.4491279 -6.2547734,42.4492773 -6.2547912,42.4493014 -6.2549139,42.4493484 -6.2550206,42.4494684 -6.2551563,42.4495771 -6.2551705,42.4496854 -6.2551904,42.4497146 -6.2552696,42.4497426 -6.2552948,42.449772 -6.2554089,42.4498291 -6.255451,42.449821 -6.255508,42.4498606 -6.2556484,42.4498947 -6.2558322,42.4499659 -6.255915,42.449957 -6.255826,42.4500115 -6.2555933,42.4500235 -6.2554671,42.4499535 -6.255425,42.4499665 -6.2554517,42.4500085 -6.2555216,42.4500271 -6.2555089,42.450062 -6.2555627,42.4500904 -6.2555689,42.4501211 -6.255519,42.4501378 -6.2555177,42.4501543 -6.2555883,42.4501452 -6.2556428,42.4501641 -6.2556746,42.4501944 -6.2556377,42.4502394 -6.2557041,42.450211 -6.2557446,42.4502369 -6.2557627,42.4503206 -6.2558046,42.4503827 -6.255796,42.4504337 -6.2557655,42.4504435 -6.2557377,42.4504342 -6.2557556,42.4503427 -6.2556655,42.4503115 -6.2556406,42.4502643 -6.2555983,42.4503095 -6.2554674,42.4502955 -6.255484,42.4503198 -6.255525,42.4503198 -6.255511,42.4503399 -6.255546,42.4503794 -6.2555505,42.4504462 -6.2555815,42.450479 -6.2555612,42.4505256 -6.2550991,42.4504361 -6.2550768,42.4503997 -6.2550913,42.4503672 -6.2550618,42.4503516 -6.2550995,42.4503355 -6.2550616,42.4503065 -6.2550554,42.4502141 -6.2548294,42.4499261 -6.2548013,42.4498581 -6.2547297,42.4498363 -6.2547588,42.4498201 -6.2549663,42.4498485 -6.2549798,42.4498465 -6.2549737,42.4498178 -6.2547909,42.4497917 -6.2547368,42.4498012 -6.2546334,42.4495868 -6.2545489,42.4495102 -6.2544684,42.4494526 -6.2544016,42.4494336 -6.2543174,42.4493612 -6.254237,42.4493321 -6.2542412,42.4492917 -6.2541606,42.4492357 -6.2540741,42.4492205 -6.2539679,42.4491633 -6.2537798,42.4490191 -6.2537091,42.4489854 -6.2536533,42.448902 -6.2535803,42.4488523 -6.2534155,42.4487617 -6.2533462,42.4487459 -6.2532019,42.4486599 -6.2531552,42.4485935 -6.2531815,42.4485378 -6.2531471,42.448512 -6.2530869,42.448497 -6.2529981,42.4483746 -6.2529703,42.4483736 -6.2529151,42.4484266 -6.252831,42.4483999 -6.2528008,42.4483401 -6.252765,42.4483116 -6.2527326,42.4483029 -6.2526687,42.4483137 -6.2525994,42.4482728 -6.2525136,42.4482495 -6.2524628,42.4482062 -6.2524422,42.4481425 -6.2524498,42.4480934 -6.2524083,42.4480413 -6.2523929,42.4479663 -6.2523431,42.4479421 -6.2523368,42.4478993 -6.2522844,42.4478896 -6.2522207,42.4478496 -6.2521542,42.4478952 -6.2521257,42.4478956 -6.2520809,42.4478609 -6.2520712,42.4478105 -6.2520324,42.4477816 -6.2520088,42.4477908 -6.2520083,42.4478311 -6.2519801,42.4478565 -6.2518806,42.4478459 -6.2518436,42.4478232 -6.2518038,42.4478416 -6.2517619,42.4478193 -6.251687,42.4478585 -6.2516492,42.4478602 -6.2514632,42.4478171 -6.2513331,42.44773 -6.2511903,42.4476939 -6.2510969,42.4476061 -6.2509854,42.447539 -6.2509484,42.44753 -6.2508943,42.4475585 -6.2508695,42.4475521 -6.2508448,42.4474933 -6.250772,42.4474275 -6.2505803,42.4473629 -6.2505007,42.4473134 -6.2502108,42.4471832 -6.2501532,42.4471534 -6.250115,42.4471041 -6.2499409,42.4470685 -6.2498727,42.4469752 -6.2495757,42.4468208 -6.2496013,42.4467892 -6.2495735,42.4467503 -6.249539,42.4467394 -6.2494884,42.4467486 -6.249512,42.4466709 -6.2494903,42.4466693 -6.2494272,42.4467149 -6.2493825,42.4466789 -6.2493872,42.4465949 -6.2494112,42.4465579 -6.2494666,42.4464851 -6.2495312,42.4464588 -6.2495151,42.4464111 -6.2495495,42.4463574 -6.2495222,42.4463172 -6.2494585,42.4463199 -6.2494795,42.4463906 -6.2493907,42.4463765 -6.2492989,42.4463948 -6.2492918,42.4464291 -6.249319,42.4465191 -6.24922,42.4465676 -6.2491777,42.446547 -6.2491955,42.4464897 -6.2492375,42.4464424 -6.2491735,42.4464233 -6.2492059,42.4463464 -6.2491953,42.4463347 -6.249144,42.4463507 -6.2491181,42.4464191 -6.2490157,42.446478 -6.2490113,42.4465145 -6.2489154,42.4465658 -6.24886,42.4465189 -6.2487482,42.4464611 -6.2486535,42.4464576 -6.2485316,42.4464951 -6.2483225,42.4464093 -6.2481371,42.4462705 -6.2480875,42.4462115 -6.2480748,42.4460968 -6.2480491,42.4460663 -6.2481077,42.4459413 -6.2480805,42.4458518 -6.2480794,42.4457407 -6.2480304,42.4456591 -6.2479798,42.4456201 -6.2479326,42.4454533 -6.2478455,42.4453592 -6.2478275,42.445317 -6.2477746,42.4453107 -6.2477297,42.445277 -6.2477091,42.4452302 -6.2475921,42.4451542 -6.2474708,42.4451194 -6.2474084,42.4450725 -6.2472818,42.4449423 -6.2472533,42.4448607 -6.2471975,42.4447849 -6.247096,42.4447399 -6.2470053,42.4446719 -6.2468374,42.444601 -6.2468041,42.4444845 -6.2466584,42.4444221 -6.246579,42.4443544 -6.2464784,42.4443268 -6.2463694,42.4442438 -6.246258,42.4442548 -6.2461349,42.444228 -6.2460766,42.4442298 -6.246037,42.4442068 -6.2459503,42.4441892 -6.245884,42.4441419 -6.2458627,42.4440955 -6.2456223,42.4440745 -6.2455493,42.4440551 -6.2455,42.4440116 -6.2454051,42.4439639 -6.2453318,42.4440021 -6.2453049,42.4439728 -6.2452339,42.4439632 -6.2451377,42.4439963 -6.2450463,42.444081 -6.2450021,42.4440945 -6.2449246,42.4440685 -6.2448998,42.4440269 -6.2448312,42.444016 -6.2447395,42.4440616 -6.2447195,42.4440974 -6.2446315,42.4440936 -6.2445617,42.444118 -6.244535,42.4441466 -6.2443334,42.4441747 -6.2442922,42.4441968 -6.2441677,42.4441747 -6.2440794,42.4441883 -6.243439,42.444188 -6.2433933,42.4442019 -6.2433034,42.4442 -6.2432642,42.4441853 -6.2430045,42.4441759 -6.2427553,42.444139 -6.2425557,42.4440837 -6.2424815,42.4440991 -6.242342,42.4440796 -6.242271,42.4440938 -6.2422231,42.4440786 -6.2421867,42.4440979 -6.2420963,42.444074 -6.2419796,42.444104 -6.241895,42.444096 -6.2418362,42.4441113 -6.2416973,42.4441102 -6.2416046,42.4441384 -6.2416043,42.4441819 -6.2415639,42.4442297 -6.2414414,42.4442951 -6.2414221,42.4443329 -6.2413757,42.4443486 -6.2413353,42.4443856 -6.2412823,42.4444003 -6.2412132,42.4443789 -6.2411838,42.4443858 -6.241141,42.4444235 -6.2411363,42.4444531 -6.2410477,42.4444554 -6.2408511,42.4444926 -6.2407485,42.444486 -6.2405003,42.4445619 -6.2404698,42.4446176 -6.2403207,42.4446286 -6.240241,42.4446913 -6.240152,42.4446854 -6.2400776,42.4447046 -6.2399942,42.4447682 -6.2398561,42.4448364 -6.2396994,42.4448874 -6.2395405,42.4449169 -6.2392644,42.4449031 -6.2391702,42.4448508 -6.2390491,42.4447526 -6.2388369,42.4445307 -6.2387143,42.4442442 -6.2385049,42.4439604 -6.2384309,42.4438419 -6.2384086,42.4437651 -6.2383265,42.4436559 -6.2382874,42.4431175 -6.238201,42.4431408 -6.2380308,42.4430903 -6.2379777,42.4430579 -6.2378972,42.4430517 -6.2377791,42.4430162 -6.2376978,42.4430136 -6.2380085,42.442917 -6.2380553,42.4429558 -6.2381162,42.4429496 -6.2381342,42.4429306 -6.2381157,42.4428837 -6.2392056,42.4425448 -6.2392767,42.442579 -6.2392895,42.4426238 -6.239376,42.4426277 -6.239382,42.4426812 -6.2394273,42.4427469 -6.2394771,42.4427836 -6.239581,42.4427736 -6.2396098,42.4428046 -6.23965,42.4428146 -6.2397436,42.44276 -6.2397573,42.4427265 -6.2397846,42.4427633 -6.2398817,42.4427572 -6.2398892,42.4427734 -6.2398556,42.4428215 -6.2398754,42.4428565 -6.2399395,42.4428457 -6.2399788,42.4428187 -6.2400409,42.4428703 -6.2401313,42.4428429 -6.2401649,42.4428699 -6.2401369,42.4429324 -6.2401989,42.4429718 -6.2402559,42.4429682 -6.2403571,42.4429914 -6.2403755,42.4430755 -6.2404505,42.4430547 -6.2404357,42.4429655 -6.2404533,42.4429501 -6.2405023,42.4430218 -6.2404614,42.4431693 -6.2404247,42.443145 -6.2403921,42.4431646 -6.2404281,42.4432014 -6.2404229,42.4432672 -6.2404375,42.4432742 -6.2405027,42.4432497 -6.2404993,42.4432735 -6.240461,42.4432938 -6.2404879,42.4433164 -6.2404824,42.4433628 -6.2406028,42.4434183 -6.2406197,42.4435095 -6.2407013,42.4436134 -6.2407915,42.4435626 -6.2408065,42.4435272 -6.2406903,42.4435054 -6.2406697,42.443481 -6.2406899,42.4434327 -6.2406404,42.4433776 -6.2406418,42.4433509 -6.2405659,42.4433488 -6.2405292,42.4433147 -6.2406957,42.4432242 -6.24082,42.4432455 -6.2409082,42.4433343 -6.2409027,42.4434174 -6.2409534,42.4434909 -6.2409627,42.4435571 -6.2410357,42.4435968 -6.241091,42.4436077 -6.2411375,42.4436597 -6.2412976,42.4436971 -6.2413414,42.4437341 -6.2412935,42.4437445 -6.2412918,42.4437699 -6.2413508,42.4437717 -6.2413986,42.4438011 -6.2415216,42.4438379 -6.2415849,42.443903 -6.2417036,42.4439514 -6.241752,42.443944 -6.2417766,42.4439147 -6.2417261,42.4438442 -6.2416653,42.4437987 -6.2416899,42.4437535 -6.2417432,42.4437915 -6.241789,42.4438532 -6.2417931,42.4439171 -6.2418128,42.4439389 -6.2419066,42.4439304 -6.2419853,42.4439011 -6.2420861,42.443909 -6.2421908,42.4438452 -6.2421719,42.4438256 -6.2421016,42.4438476 -6.2419153,42.443829 -6.241913,42.4437843 -6.2418803,42.4437327 -6.2418032,42.443727 -6.2417474,42.4436487 -6.2417728,42.4436106 -6.2418161,42.4435921 -6.2418476,42.4436443 -6.2418953,42.4436658 -6.241971,42.4437444 -6.2420126,42.4437631 -6.2421195,42.4437219 -6.2421233,42.4436894 -6.2421778,42.4436287 -6.2422447,42.4436295 -6.242292,42.4436599 -6.2423803,42.4436743 -6.2424798,42.443646 -6.242583,42.4437165 -6.2425171,42.4437909 -6.2425403,42.4438547 -6.2426099,42.4439027 -6.2426579,42.4439134 -6.2427455,42.4438941 -6.2427785,42.4439424 -6.2428768,42.4439559 -6.2429021,42.4438926 -6.2429248,42.4438883 -6.2429861,42.443929 -6.2430267,42.4439325 -6.2430774,42.4440486 -6.2431948,42.4440408 -6.2433704,42.4440684 -6.2434439,42.4440568 -6.2435764,42.443959 -6.2436269,42.4440102 -6.2436892,42.4439972 -6.2437867,42.4440142 -6.2438272,42.4439944 -6.2438736,42.4440325 -6.2439324,42.4440336 -6.243983,42.4440026 -6.2439487,42.4439882 -6.2439455,42.4439608 -6.2439101,42.4439412 -6.2439081,42.4439109 -6.2439821,42.4438862 -6.2440023,42.4438341 -6.2440341,42.4438187 -6.2441885,42.4438281 -6.2443119,42.4438621 -6.2443879,42.4438173 -6.2444368,42.4438207 -6.2444787,42.4438003 -6.2446233,42.4437772 -6.2447281,42.4437822 -6.2448644,42.4437273 -6.2451031,42.4437699 -6.2452102,42.4438367 -6.2453,42.4438438 -6.2453435,42.4437927 -6.245486,42.4438252 -6.2455348,42.4438586 -6.2455688,42.4438568 -6.2456247,42.4438256 -6.2458934,42.4438321 -6.2459706,42.443858 -6.2460641,42.443865 -6.2461563,42.4438997 -6.2465798,42.443947 -6.2467181,42.4439327 -6.2468301,42.4439433 -6.2469367,42.4439212 -6.2469971,42.4439281 -6.2470599,42.4438991 -6.2471709,42.443886 -6.2472127,42.4438578 -6.2473197,42.4438345 -6.2475505,42.4435844 -6.2476213,42.4435893 -6.2476976,42.443491 -6.2478883,42.4433439 -6.2480733,42.4433085 -6.2482517,42.4433234 -6.2484447,42.4433731 -6.2485197,42.4434153 -6.2486486,42.4434224 -6.248686,42.4434489 -6.2486638,42.4435472 -6.2486788,42.4435917 -6.2486293,42.4436363 -6.2485378,42.4436643 -6.2485153,42.4436921 -6.2485064,42.443772 -6.2484349,42.443781 -6.248409,42.4438111 -6.248419,42.4438266 -6.2484762,42.4438341 -6.2485364,42.4438622 -6.2486102,42.4440377 -6.2487289,42.4441822 -6.2487421,42.4442421 -6.2487105,42.4443202 -6.2490933,42.4444525 -6.2491995,42.4445125 -6.2495361,42.4446423 -6.2497092,42.4447272 -6.249822,42.4448473 -6.2499453,42.4449136 -6.2499903,42.4449725 -6.2500681,42.4450057 -6.2501247,42.445074 -6.2502195,42.4451275 -6.2502526,42.4451734 -6.2502676,42.4452552 -6.2503516,42.4452689 -6.2503971,42.4452518 -6.2504259,42.4452979 -6.2504851,42.4453145 -6.2505069,42.4453509 -6.2505772,42.4453806 -6.2506199,42.4454459 -6.250793,42.4455013 -6.2508203,42.4455303 -6.2508933,42.4455494 -6.2509474,42.4455882 -6.2511597,42.4456494 -6.2513451,42.4456767 -6.2514304,42.4457263 -6.2515383,42.4457437 -6.251582,42.4457771 -6.2517582,42.4457597 -6.2519463,42.4457798 -6.2519882,42.4458027 -6.2520801,42.4458187 -6.2521352,42.4458716 -6.2523094,42.4458974 -6.2525057,42.4459692 -6.2526933,42.4459965 -6.2528384,42.4460569 -6.2530582,42.4461051 -6.2533424,42.4462131 -6.2534051,42.4462219 -6.2534587,42.4462604 -6.253597,42.4462978 -6.2537099,42.4463833 -6.2537859,42.4464025 -6.2538147,42.4464493 -6.2539145,42.4465138 -6.253995,42.4465998 -6.25407,42.4466325 -6.2541033,42.4466851 -6.2541623,42.4467171 -6.2541831,42.4467633 -6.2542307,42.4467288 -6.2543736,42.4468058 -6.2544276,42.4468058 -6.2545576,42.4468648 -6.2546967,42.4468897 -6.2548002,42.4469516 -6.2549022,42.4469456 -6.2550026,42.4469067 -6.2550427,42.4469322 -6.2551687,42.4469274 -6.2552588,42.446963 -6.2553177,42.4469526 -6.2553668,42.4469621 -6.2554356,42.4470168 -6.2554279,42.4470652 -6.255468,42.4470446 -6.2555373,42.4470591 -6.2555818,42.4470459 -6.2557688,42.4470489 -6.2558275,42.4470357 -6.2559627,42.4470554 -6.2560876,42.4471425 -6.2561387,42.4471445 -6.2561913,42.4471903 -6.2562874,42.4472131 -6.2564356,42.4472054 -6.2565258,42.4471439 -6.2565705,42.4471821 -6.2566734,42.4472024 -6.2567843,42.4472868 -6.2568779,42.4473178 -6.2569484,42.4473045 -6.2570415,42.4473263 -6.2571405,42.4474224 -6.2572994,42.4474345 -6.2574258,42.4474087 -6.257496,42.4474306 -6.2575363,42.4474097 -6.2575209,42.447377 -6.2575331,42.4473647 -6.257795,42.4474154 -6.2578274,42.4474462 -6.2579425,42.4474728 -6.2579992,42.4475067 -6.2581115,42.4475024 -6.2581613,42.4475285 -6.2584468,42.4475561 -6.2584912,42.447604 -6.2586015,42.4476064 -6.258643,42.4475716 -6.2588375,42.4476083 -6.2589701,42.4476034 -6.2592204,42.4476288 -6.2593685,42.4476839 -6.2594529,42.4476707 -6.2595082,42.4476864 -6.2597665,42.4476773 -6.2600635,42.4477185 -6.2601311,42.4477051 -6.2602168,42.4477563 -6.2604331,42.4477853 -6.2604544,42.4478879 -6.260501,42.4479341 -6.2605705,42.4479554 -6.2606374,42.4479529 -6.260707,42.4480026 -6.260749,42.4479926</coordinates></LinearRing></outerBoundaryIs></Polygon></Placemark></Folder><Folder><name>Zona inundable T=100 años (106)</name><Placemark><name>Zona inundable T=100 años</name><styleUrl>#snczi_t100</styleUrl><description>106 elementos a menos de 1,000 m</description><MultiGeometry><Polygon><outerBoundaryIs><LinearRing><coordinates>-6.2643423,42.4477996 -6.2643988,42.4477442 -6.2644899,42.4476952 -6.2645781,42.4476232 -6.2647725,42.4476815 -6.264816,42.4477359 -6.2647915,42.4477484 -6.2647286,42.4477474 -6.2646488,42.4478804 -6.264664,42.4480031 -6.2645938,42.4480515 -6.2646077,42.4481008 -6.2645553,42.4480734 -6.2644727,42.4480814 -6.2644391,42.4481249 -6.2643448,42.448176 -6.2642936,42.4482837 -6.264205,42.448286 -6.2642038,42.4483154 -6.2642276,42.448329 -6.2643159,42.4483212 -6.264335,42.4483952 -6.2644121,42.4484331 -6.2643973,42.4485012 -6.2642674,42.4486081 -6.2640742,42.4486633 -6.2639677,42.4487374 -6.2638789,42.4487695 -6.2637896,42.448856 -6.2636997,42.4488408 -6.2636566,42.4487973 -6.2635029,42.4487974 -6.2634536,42.4487804 -6.2634285,42.4487447 -6.2634559,42.4486383 -6.2634178,42.4486125 -6.2633673,42.448613 -6.2633182,42.4486663 -6.263246,42.4486512 -6.2631789,42.4486659 -6.2630028,42.4486379 -6.2629647,42.4486492 -6.2629529,42.4486978 -6.2629347,42.4487051 -6.2628552,42.4486163 -6.2628461,42.4485738 -6.2628149,42.4485549 -6.2627613,42.4485587 -6.2627174,42.4485962 -6.2626638,42.4486036 -6.2626329,42.4486423 -6.2626498,42.4486954 -6.2626405,42.4487911 -6.2627001,42.4488038 -6.2627005,42.4488227 -6.2625699,42.4488222 -6.2624906,42.4487714 -6.2622708,42.4487915 -6.2622241,42.4488219 -6.2621405,42.4488167 -6.2620692,42.4488396 -6.2620292,42.4489057 -6.2619709,42.4489125 -6.2619009,42.4489477 -6.2618901,42.448984 -6.2620002,42.4490892 -6.2620321,42.4490965 -6.262102,42.4490668 -6.2622316,42.4491272 -6.2623456,42.4492122 -6.2623239,42.4493029 -6.2623504,42.4493499 -6.2625149,42.4494001 -6.2625565,42.4494341 -6.262605,42.4494252 -6.2625841,42.4493976 -6.2625453,42.449386 -6.2625442,42.4493505 -6.2625031,42.4493384 -6.2624608,42.4493496 -6.2624339,42.4493279 -6.2625015,42.4492849 -6.2625606,42.449275 -6.2625982,42.4492906 -6.2626224,42.4493635 -6.2627008,42.4493515 -6.262817,42.4494048 -6.2629112,42.4493865 -6.2629618,42.4494082 -6.2630616,42.4494144 -6.2631136,42.449447 -6.263152,42.4494298 -6.2632517,42.4494702 -6.2632734,42.449462 -6.2632707,42.4494406 -6.2631857,42.4494122 -6.2631927,42.4493513 -6.2631441,42.4492874 -6.2631227,42.4492106 -6.2629303,42.4491997 -6.2628644,42.4491776 -6.2628214,42.4491379 -6.262773,42.4491921 -6.2627404,42.4491958 -6.2627424,42.4490989 -6.2627043,42.4490563 -6.2626093,42.4490146 -6.2625666,42.4490186 -6.2625433,42.4490526 -6.2625096,42.449034 -6.2625836,42.4489995 -6.2625987,42.4489647 -6.2626358,42.4489394 -6.2626367,42.4489126 -6.2626781,42.4488919 -6.2627214,42.4488866 -6.2627777,42.4489508 -6.2628258,42.4489493 -6.2628595,42.4489092 -6.2628454,42.4488899 -6.2628058,42.4488846 -6.2628112,42.448854 -6.2628789,42.4488762 -6.2628796,42.4489244 -6.2629316,42.4489553 -6.262945,42.4490893 -6.2630143,42.4490722 -6.2630221,42.4490085 -6.2630428,42.4490007 -6.2630708,42.4490693 -6.2630636,42.4491093 -6.2631104,42.4491636 -6.2632481,42.4492084 -6.2632718,42.4491955 -6.2632877,42.4491463 -6.263297,42.4490354 -6.2633159,42.4490141 -6.2633504,42.4490091 -6.2634069,42.4490917 -6.2634659,42.4490907 -6.2635061,42.4491055 -6.2634884,42.4491704 -6.2635015,42.4491918 -6.2634199,42.4492824 -6.2634328,42.4493819 -6.26332,42.4494223 -6.2633426,42.4494668 -6.2632774,42.4494825 -6.2632504,42.4495256 -6.2634342,42.4495876 -6.2635403,42.4496972 -6.2635704,42.4497639 -6.2636019,42.449774 -6.263715,42.4497637 -6.2637756,42.449813 -6.2638823,42.4498482 -6.2639156,42.44989 -6.2639351,42.4498842 -6.2639712,42.4498207 -6.2640333,42.4498165 -6.2641057,42.4498718 -6.2641126,42.4499496 -6.2641762,42.4499754 -6.2642298,42.4500298 -6.2643039,42.4500528 -6.2643016,42.4500751 -6.2642724,42.4500549 -6.2642209,42.4500492 -6.2642003,42.4500717 -6.2642246,42.450094 -6.2644396,42.4500846 -6.2645204,42.4501197 -6.2645808,42.4501179 -6.2646147,42.4501365 -6.2646193,42.4501844 -6.2646837,42.4502237 -6.2648023,42.4502302 -6.2648466,42.4502541 -6.2649622,42.4502715 -6.2650351,42.4503092 -6.2650356,42.4503226 -6.2649546,42.4503208 -6.2647263,42.4502637 -6.2646546,42.4502916 -6.2646379,42.4503199 -6.264767,42.4504201 -6.264837,42.4504326 -6.264871,42.4504792 -6.2649223,42.4504816 -6.2649874,42.4504582 -6.2650214,42.4504655 -6.265031,42.4505426 -6.2650583,42.4505926 -6.2650521,42.4506687 -6.2651474,42.45071 -6.2653508,42.450743 -6.2653804,42.4506966 -6.265417,42.4506792 -6.2655543,42.4507479 -6.2655891,42.4507183 -6.2656242,42.4507108 -6.2656655,42.4507836 -6.2657066,42.4508143 -6.2658361,42.4508072 -6.2658713,42.4508357 -6.2659272,42.4508411 -6.2659594,42.4508343 -6.2660213,42.450706 -6.2660379,42.4507082 -6.2661065,42.4507506 -6.2661266,42.4507978 -6.2662005,42.4508415 -6.2661915,42.4509541 -6.266247,42.451014 -6.2662328,42.4510247 -6.2661768,42.4510131 -6.2661164,42.4510746 -6.2660315,42.4510256 -6.2660036,42.4510246 -6.2659941,42.4510622 -6.2659441,42.4510869 -6.2660203,42.4511186 -6.2660577,42.4511188 -6.26608,42.4511469 -6.2661711,42.4511934 -6.2662682,42.4511971 -6.2662979,42.4511824 -6.2662362,42.4511317 -6.2661771,42.4511153 -6.2661897,42.4510763 -6.2663516,42.451036 -6.2664016,42.4509897 -6.2665047,42.4510225 -6.2665526,42.4509736 -6.2666087,42.451004 -6.2666137,42.4510762 -6.2666636,42.4511168 -6.2666602,42.451157 -6.2667133,42.451166 -6.266635,42.4512004 -6.2666428,42.4512316 -6.2667526,42.4512361 -6.2668438,42.4512005 -6.2668408,42.4511705 -6.2667728,42.4511632 -6.2667198,42.4511319 -6.2667616,42.4510966 -6.2667529,42.4510616 -6.2668118,42.4510459 -6.2669725,42.4511236 -6.2670069,42.4511902 -6.2670714,42.4511858 -6.2671003,42.4512159 -6.2671473,42.4512154 -6.2672989,42.4512598 -6.2673656,42.4514427 -6.2675491,42.4517792 -6.2668767,42.4517081 -6.2663625,42.4517554 -6.2660058,42.4517445 -6.2657687,42.4517222 -6.265555,42.451679 -6.2654133,42.4516089 -6.2652508,42.4514263 -6.2651176,42.4513802 -6.2643767,42.4512553 -6.2640182,42.4511538 -6.2635252,42.4509491 -6.2633024,42.4508937 -6.2630933,42.4508196 -6.2627509,42.4506304 -6.2626613,42.4506039 -6.2625074,42.4505181 -6.2624758,42.45052 -6.2624661,42.4505436 -6.2625472,42.4506013 -6.262588,42.4506041 -6.2625889,42.4506469 -6.2625589,42.4506751 -6.2624977,42.4506607 -6.2624235,42.4506814 -6.2623398,42.4506074 -6.2623701,42.450543 -6.2624123,42.4505074 -6.262417,42.4504766 -6.2623276,42.4504397 -6.262298,42.4504712 -6.2622992,42.4505218 -6.2622728,42.4505374 -6.2623088,42.4506079 -6.2622989,42.4506158 -6.2620458,42.4505165 -6.2619558,42.4505154 -6.2618371,42.4504661 -6.2617878,42.4504663 -6.2617302,42.450429 -6.2616093,42.4504098 -6.2614421,42.4503513 -6.2613977,42.4503221 -6.2612704,42.4503005 -6.2612029,42.4502524 -6.2610862,42.4502347 -6.2610535,42.4501981 -6.2609659,42.4501496 -6.2609513,42.4501033 -6.2608605,42.4501244 -6.2606533,42.4500818 -6.2606265,42.4500544 -6.2606803,42.4500103 -6.2606711,42.4499956 -6.2605497,42.4500129 -6.2605312,42.4500487 -6.2604404,42.4500958 -6.2602697,42.4500934 -6.2601882,42.4501082 -6.2600667,42.4500723 -6.2600018,42.4500758 -6.2598948,42.4500403 -6.2597706,42.4500244 -6.2596649,42.4499952 -6.2596294,42.4499708 -6.2595151,42.4499912 -6.2594749,42.4499511 -6.2593806,42.4499537 -6.2593097,42.4499329 -6.2592265,42.4498641 -6.2591884,42.4498731 -6.2590761,42.4498575 -6.2590017,42.4498734 -6.2589249,42.4498547 -6.2588747,42.4498649 -6.2588855,42.4498386 -6.2589533,42.449844 -6.2589876,42.449831 -6.2589787,42.4497885 -6.2589434,42.4497521 -6.258895,42.4497542 -6.2587466,42.4498178 -6.2587385,42.449745 -6.2587223,42.4497328 -6.2586718,42.4497425 -6.2586124,42.4497797 -6.2585636,42.4497775 -6.2585358,42.4498032 -6.2584948,42.4497578 -6.258454,42.4497566 -6.2584402,42.4498122 -6.2584879,42.4498336 -6.2585535,42.4498234 -6.2585832,42.4498651 -6.2585577,42.4498948 -6.2585088,42.4499037 -6.2583378,42.4498194 -6.2583352,42.4497472 -6.2582863,42.4497087 -6.2583242,42.4496977 -6.2583706,42.4496376 -6.2584067,42.4496756 -6.2584919,42.4497066 -6.2585387,42.4496682 -6.2586033,42.4496658 -6.2586435,42.4496282 -6.2585762,42.4496048 -6.2585163,42.4495426 -6.2584569,42.449539 -6.2584897,42.4495208 -6.2584913,42.4494958 -6.2583695,42.449438 -6.2583287,42.4494752 -6.2583011,42.4495566 -6.2582785,42.4495521 -6.2582384,42.4494652 -6.2581943,42.4494514 -6.258106,42.449489 -6.258073,42.4495584 -6.2580207,42.4495806 -6.2580192,42.4496215 -6.2580622,42.4496696 -6.2581602,42.449658 -6.2582112,42.4496715 -6.2582331,42.4496324 -6.258287,42.4496427 -6.2582374,42.4496787 -6.2582238,42.4497148 -6.2581689,42.4497393 -6.2580123,42.4497505 -6.2578503,42.4497162 -6.2577984,42.4496748 -6.2577991,42.449653 -6.2578468,42.4496632 -6.2579375,42.4496374 -6.2579723,42.4496862 -6.2579976,42.4496948 -6.2579977,42.4496344 -6.257975,42.4496101 -6.257887,42.4495872 -6.2578961,42.4495214 -6.257879,42.4494803 -6.2577358,42.449486 -6.2577196,42.4494992 -6.2577112,42.4495748 -6.2576504,42.4496668 -6.2576664,42.4496865 -6.2577406,42.4497085 -6.2576851,42.4497729 -6.2576617,42.4498709 -6.2576091,42.449955 -6.2575535,42.4499804 -6.2574571,42.4499728 -6.2573873,42.4499876 -6.25711,42.4499526 -6.2569516,42.4498682 -6.2568835,42.4498026 -6.2568981,42.4495867 -6.2568578,42.4495373 -6.2568889,42.4494891 -6.2568914,42.449436 -6.256843,42.4494028 -6.2567827,42.4493901 -6.2567786,42.4493181 -6.2567344,42.4493186 -6.2567086,42.4493697 -6.2566594,42.4493816 -6.2566454,42.4494175 -6.2566227,42.4494273 -6.2565822,42.4494224 -6.2565758,42.4493544 -6.2565141,42.4493216 -6.2564053,42.4493649 -6.2563815,42.4493373 -6.2562642,42.4493294 -6.2561438,42.4492596 -6.2561056,42.4492544 -6.2559448,42.4493176 -6.2558084,42.4492446 -6.2557959,42.44913 -6.2557377,42.4491167 -6.2557347,42.4491025 -6.2558445,42.44901 -6.2559505,42.4490322 -6.2560078,42.4490064 -6.2559772,42.4489262 -6.2559249,42.4489154 -6.2558981,42.4488922 -6.2559321,42.4488448 -6.2559313,42.4488039 -6.2558698,42.4487677 -6.2558238,42.4487123 -6.2557634,42.4486919 -6.2557939,42.4486465 -6.2557896,42.4485916 -6.2558108,42.4485572 -6.2557842,42.4485276 -6.2558479,42.4484837 -6.2559234,42.4484993 -6.2559559,42.4485561 -6.2560054,42.4485548 -6.2560176,42.4485265 -6.2559837,42.448488 -6.2559335,42.448481 -6.2559223,42.448435 -6.2558478,42.4483951 -6.2557919,42.4484027 -6.2557592,42.4484489 -6.2557247,42.4484115 -6.2554665,42.4483498 -6.2553928,42.4483589 -6.2553692,42.4483947 -6.2553127,42.4484222 -6.2553732,42.4484647 -6.2553942,42.4485125 -6.2554859,42.4485481 -6.2556367,42.4485806 -6.2556606,42.4486105 -6.2557407,42.4486527 -6.2556686,42.4486541 -6.2556391,42.4487031 -6.2556924,42.4487381 -6.255724,42.4487923 -6.2557381,42.4487522 -6.2557604,42.4487518 -6.2557593,42.4488182 -6.2558175,42.4488192 -6.2557801,42.4488479 -6.2557747,42.448885 -6.2557413,42.4488798 -6.2556985,42.4488169 -6.2555459,42.4487045 -6.2554443,42.4487055 -6.2554377,42.4486855 -6.2553297,42.4486634 -6.2551725,42.4485048 -6.2548746,42.4485288 -6.2547515,42.4485592 -6.2547216,42.4485951 -6.2546257,42.4485459 -6.254482,42.4485435 -6.2544363,42.4486272 -6.2544467,42.4487226 -6.2545087,42.4488351 -6.2545025,42.4488804 -6.2545927,42.4490324 -6.2546182,42.449035 -6.2546667,42.4489869 -6.2547317,42.4489992 -6.2547679,42.4490214 -6.2547978,42.4491199 -6.2547513,42.4492908 -6.2548635,42.4493725 -6.2549025,42.4494217 -6.2549647,42.4494396 -6.2550002,42.4494978 -6.255097,42.4495702 -6.25513,42.4496127 -6.2551474,42.4496844 -6.255182,42.449722 -6.2552654,42.449751 -6.2553727,42.4498196 -6.2554459,42.4498294 -6.2555402,42.4498775 -6.2556283,42.4498949 -6.2558535,42.4499925 -6.2558288,42.4500038 -6.255666,42.4500019 -6.2555878,42.4500232 -6.2554776,42.4499525 -6.2554289,42.4499524 -6.2553919,42.449924 -6.2552721,42.4499057 -6.2552416,42.4500208 -6.2553268,42.4501236 -6.2554724,42.4501668 -6.2555911,42.4501456 -6.2556656,42.4501865 -6.2555906,42.4502818 -6.2554639,42.450284 -6.2554703,42.4503186 -6.255525,42.4503198 -6.2555061,42.4503593 -6.2555682,42.4505033 -6.255549,42.4505248 -6.2554617,42.4505024 -6.2554235,42.4505081 -6.2550991,42.4504361 -6.2550976,42.450375 -6.2550618,42.4503516 -6.2550998,42.4503317 -6.2550713,42.4503042 -6.2550578,42.4502167 -6.2548713,42.4499581 -6.2548294,42.4499261 -6.2548024,42.4498573 -6.2547421,42.4498376 -6.2548248,42.4498283 -6.2549662,42.4498486 -6.2549798,42.4498465 -6.2549737,42.4498178 -6.2548709,42.4498093 -6.2547836,42.4497831 -6.2547402,42.4498013 -6.2546313,42.4495751 -6.2544669,42.4494406 -6.2543955,42.4494294 -6.2543533,42.4493602 -6.2542907,42.4493327 -6.2542879,42.449304 -6.2541095,42.4492017 -6.2540505,42.4492018 -6.2539821,42.4491652 -6.2537822,42.4490131 -6.2537099,42.4489804 -6.2536333,42.4488854 -6.2534152,42.4487542 -6.2533652,42.4487529 -6.253207,42.4486578 -6.2531751,42.448602 -6.2531859,42.4485518 -6.2531718,42.4485122 -6.2530863,42.4484926 -6.2531022,42.4484425 -6.2530661,42.4483669 -6.2530435,42.4483667 -6.2530209,42.4484032 -6.2530095,42.4483656 -6.2529436,42.448354 -6.2529062,42.4483747 -6.2529305,42.4484106 -6.2529052,42.4484183 -6.2528447,42.448399 -6.2528187,42.4483747 -6.2528244,42.4483528 -6.252878,42.4483243 -6.2528732,42.4482888 -6.2526509,42.4482971 -6.2524738,42.4482157 -6.2524643,42.4481651 -6.2525155,42.4481546 -6.2525207,42.448128 -6.2526278,42.4481161 -6.2526654,42.4480711 -6.2527645,42.4480396 -6.2527082,42.4479447 -6.2526624,42.44795 -6.2526093,42.4479867 -6.2525617,42.4479591 -6.2525441,42.4480162 -6.2525935,42.4480392 -6.2525977,42.4480565 -6.2524931,42.4480921 -6.2524605,42.4480669 -6.2524854,42.4480293 -6.2524372,42.4480358 -6.252424,42.4480206 -6.2524663,42.4479788 -6.2524268,42.4479383 -6.2524488,42.4479278 -6.2524991,42.4479503 -6.2525299,42.4479182 -6.2524692,42.4479039 -6.2524692,42.4478746 -6.2524202,42.4478196 -6.2523714,42.4478747 -6.252297,42.4478548 -6.2522628,42.4478055 -6.2521985,42.4477844 -6.2521526,42.4478306 -6.2521518,42.4478616 -6.2521288,42.4478691 -6.2521053,42.4478515 -6.2521086,42.4477975 -6.2520681,42.4477822 -6.2520359,42.4477448 -6.251986,42.4477814 -6.2519389,42.4477716 -6.2518949,42.4477972 -6.2518484,42.4477977 -6.2518114,42.4478243 -6.2517318,42.4477756 -6.2516748,42.4477631 -6.2516546,42.447782 -6.2517049,42.4478129 -6.2516993,42.4478316 -6.251488,42.4478002 -6.2513874,42.4477599 -6.25133,42.4477025 -6.2512146,42.4476761 -6.251141,42.4476366 -6.2511485,42.4476196 -6.2512655,42.4475708 -6.2512699,42.4475502 -6.2512487,42.4475309 -6.25122,42.4475305 -6.2511937,42.4475669 -6.2511585,42.4475673 -6.2511424,42.4475537 -6.2511457,42.4475189 -6.2510909,42.4474901 -6.2510027,42.4475062 -6.2509854,42.4474877 -6.2508916,42.4474695 -6.250812,42.4474113 -6.2506159,42.447373 -6.2504794,42.4472969 -6.2504461,42.4472941 -6.2503157,42.4472297 -6.2502975,42.4472115 -6.2503227,42.4471762 -6.2502606,42.4471917 -6.2501681,42.44713 -6.2501435,42.4470872 -6.2501114,42.4470782 -6.2500374,42.4470895 -6.2499725,42.4470696 -6.2499537,42.4470165 -6.2499141,42.447001 -6.2498502,42.4469276 -6.249666,42.4468461 -6.2496315,42.4468176 -6.249597,42.4467538 -6.2496403,42.4467159 -6.2496431,42.4466743 -6.2496209,42.4466373 -6.2495775,42.4466298 -6.2496323,42.4465836 -6.2496236,42.4465618 -6.2496031,42.4465536 -6.2495647,42.4465642 -6.2495141,42.4465423 -6.2494826,42.4466445 -6.2494047,42.4466684 -6.2493848,42.4466607 -6.249462,42.4465234 -6.2495521,42.4464651 -6.2495424,42.4464051 -6.2496687,42.4463653 -6.249648,42.4462775 -6.249611,42.4462383 -6.2495341,42.4462453 -6.2495194,42.4463018 -6.249448,42.4462888 -6.2493999,42.4463372 -6.2493362,42.4463598 -6.2493324,42.4462782 -6.2493018,42.4462565 -6.2492604,42.4462563 -6.2491865,42.4463181 -6.2491287,42.446344 -6.2491151,42.446394 -6.2490287,42.4464525 -6.2489386,42.446457 -6.2488225,42.4463722 -6.2487427,42.4463698 -6.2485177,42.4464244 -6.2483985,42.4464191 -6.248323,42.4463806 -6.2481134,42.4461837 -6.248109,42.4461257 -6.2480586,42.4460538 -6.2481204,42.4459463 -6.2480894,42.4458917 -6.2480898,42.4457546 -6.2480215,42.4456325 -6.2479816,42.4455934 -6.2479313,42.4454422 -6.2478369,42.445343 -6.2478398,42.445308 -6.2477667,42.4452905 -6.2477126,42.4452211 -6.2475901,42.4451441 -6.2474387,42.4450922 -6.247354,42.4450187 -6.2472935,42.444943 -6.2472654,42.4448611 -6.2471601,42.4446861 -6.2471188,42.444682 -6.2470754,42.4447015 -6.2470606,42.4446645 -6.246925,42.4446339 -6.2468834,42.444582 -6.2468936,42.4445163 -6.2468664,42.4444807 -6.2466606,42.4444141 -6.2465698,42.4443463 -6.2464837,42.4443232 -6.2464378,42.4442721 -6.2463698,42.4442348 -6.2462737,42.4442464 -6.2461583,42.4442261 -6.2460872,42.4442292 -6.2459442,42.4441815 -6.2458855,42.4441365 -6.2458631,42.4440865 -6.245562,42.4440558 -6.2454891,42.443984 -6.2453992,42.4439573 -6.2453428,42.4439843 -6.2453128,42.443964 -6.2452567,42.4439604 -6.2451473,42.4439883 -6.2449992,42.4440853 -6.2449476,42.4440683 -6.2449134,42.4440188 -6.2448346,42.4440148 -6.2447186,42.4440567 -6.2447079,42.4440969 -6.2446245,42.4440925 -6.2445692,42.4441108 -6.2445243,42.4441464 -6.2444635,42.4441421 -6.2442881,42.4441965 -6.2441677,42.4441747 -6.243439,42.444188 -6.2433838,42.4442019 -6.2430309,42.4441756 -6.2427175,42.4441319 -6.242543,42.4440816 -6.2424833,42.444091 -6.2423161,42.4440625 -6.2422639,42.4440821 -6.2421253,42.4440671 -6.2420072,42.4440882 -6.2417094,42.4441017 -6.2415744,42.444138 -6.2415508,42.4442357 -6.241438,42.4442931 -6.2413324,42.4443774 -6.2412737,42.4443933 -6.2411912,42.4443793 -6.2411283,42.4444416 -6.24109,42.4444526 -6.2408512,42.4444926 -6.2407492,42.4444772 -6.2404947,42.4445607 -6.2404659,42.4446161 -6.2403238,42.4446278 -6.2402395,42.4446834 -6.2401569,42.4446782 -6.2400776,42.4447046 -6.2399942,42.4447682 -6.2398561,42.4448364 -6.2396994,42.4448874 -6.2395405,42.4449169 -6.2392644,42.4449031 -6.2391702,42.4448508 -6.2390491,42.4447526 -6.2388369,42.4445307 -6.2387143,42.4442442 -6.2385049,42.4439604 -6.2384309,42.4438418 -6.2384086,42.4437651 -6.2383265,42.4436559 -6.2382868,42.4431105 -6.2382106,42.4431316 -6.2379341,42.4430309 -6.2377505,42.4429972 -6.2379905,42.4429226 -6.2380509,42.4429571 -6.2381282,42.4429495 -6.238148,42.4429271 -6.2381231,42.4428814 -6.2387183,42.4426963 -6.2387087,42.4427547 -6.2387838,42.4427765 -6.2387865,42.4428725 -6.2388831,42.4429368 -6.2388311,42.4429657 -6.2388418,42.4430341 -6.2389018,42.4430658 -6.2389654,42.4430775 -6.2389934,42.443173 -6.2390642,42.4432556 -6.2390628,42.4433029 -6.2391202,42.4433174 -6.2391752,42.4432981 -6.2392537,42.4432068 -6.239333,42.4432097 -6.2393603,42.443269 -6.2393426,42.4433002 -6.2392514,42.4432868 -6.2392179,42.4433013 -6.2392272,42.4433253 -6.2392961,42.4433679 -6.2392836,42.4434319 -6.2393012,42.443477 -6.2392724,42.4436028 -6.2392446,42.4436508 -6.2391988,42.4436829 -6.2391235,42.4436806 -6.2390432,42.4437155 -6.2390446,42.4437339 -6.2390918,42.4437566 -6.2390258,42.4438068 -6.2390426,42.4438709 -6.2390238,42.4439067 -6.2390933,42.4439243 -6.239112,42.4439529 -6.2392113,42.4439679 -6.2392664,42.4439658 -6.2392895,42.4439351 -6.2394162,42.4439412 -6.2393803,42.4440153 -6.2394442,42.4440753 -6.2394241,42.4441378 -6.2394747,42.4441769 -6.2394438,42.4442447 -6.2395051,42.4442767 -6.2395117,42.4443321 -6.2395636,42.4443728 -6.2395901,42.4443739 -6.2395781,42.444333 -6.2396744,42.444361 -6.2397124,42.4443909 -6.2399406,42.4444723 -6.2399537,42.4444961 -6.2399926,42.4444752 -6.2400785,42.4444752 -6.2401999,42.4443836 -6.2401334,42.4443112 -6.2401555,42.4442223 -6.2399605,42.4440863 -6.2399501,42.444057 -6.2399759,42.4440329 -6.2400098,42.4440291 -6.2400962,42.444112 -6.2401503,42.4441035 -6.2403779,42.4441738 -6.2404543,42.4441802 -6.2404448,42.4442112 -6.2404695,42.4442558 -6.2405177,42.4442358 -6.2405963,42.4442526 -6.240639,42.4442409 -6.2406485,42.4441831 -6.2407026,42.44416 -6.2406639,42.4441142 -6.2407243,42.4440579 -6.2406866,42.443964 -6.2407622,42.4439946 -6.2408084,42.4439654 -6.2408734,42.4439497 -6.24086,42.443905 -6.2408119,42.4438857 -6.2408015,42.4438362 -6.2406969,42.4438111 -6.2406751,42.4437617 -6.2406191,42.4437947 -6.2406699,42.4438595 -6.2406702,42.443919 -6.2406467,42.4439356 -6.2406144,42.4439361 -6.2405345,42.4438924 -6.2404794,42.4439315 -6.2403637,42.4439392 -6.2402962,42.4438904 -6.2402419,42.4438185 -6.2402515,42.4437864 -6.2403399,42.4437273 -6.2404361,42.4437351 -6.2405278,42.4437084 -6.2405168,42.443678 -6.2404661,42.4436937 -6.2405103,42.4436187 -6.2404623,42.4436152 -6.2404419,42.4436518 -6.2403787,42.4436379 -6.2402908,42.443665 -6.2402719,42.443646 -6.2401947,42.4436381 -6.2401531,42.443615 -6.2400816,42.4436136 -6.2400149,42.4435464 -6.2400145,42.4435281 -6.2400464,42.4435139 -6.2401096,42.4435616 -6.2401405,42.4434766 -6.2400027,42.4434708 -6.2399459,42.4434251 -6.2399583,42.4433671 -6.23985,42.4433465 -6.2398674,42.4432996 -6.2398551,42.4432754 -6.239897,42.4432381 -6.2399371,42.4431177 -6.2398803,42.443006 -6.2397374,42.4430239 -6.2396955,42.4430108 -6.2397169,42.442947 -6.2396885,42.4428448 -6.2397236,42.4427764 -6.2398381,42.4427798 -6.2398324,42.4428474 -6.2398549,42.4428661 -6.2399012,42.4428663 -6.2399298,42.4428433 -6.2399713,42.4428551 -6.2400047,42.4428852 -6.2400505,42.4428896 -6.2401311,42.4428519 -6.2401417,42.4428773 -6.2400989,42.4429209 -6.2401608,42.4429681 -6.240162,42.4430153 -6.2402596,42.4429788 -6.2403524,42.4430003 -6.2402629,42.4430816 -6.2401441,42.4430411 -6.2401263,42.4430849 -6.2401548,42.4431334 -6.2401372,42.4431859 -6.2401751,42.4432058 -6.2403177,42.443234 -6.2403201,42.4432077 -6.2402469,42.4431794 -6.240259,42.4431407 -6.2402754,42.4431251 -6.2403182,42.4431279 -6.2403837,42.4430989 -6.240406,42.4431037 -6.24041,42.4431284 -6.2403674,42.4431675 -6.2404171,42.4432084 -6.2403884,42.4432911 -6.2404773,42.4433723 -6.2405546,42.4434012 -6.2405025,42.4434367 -6.2405122,42.443492 -6.2405363,42.4435111 -6.2405704,42.4435115 -6.2405901,42.4434583 -6.240636,42.4435406 -6.2406412,42.4435905 -6.2406776,42.4436222 -6.2407254,42.4436223 -6.2407331,42.4435848 -6.2408774,42.4435522 -6.2409325,42.4435861 -6.2409656,42.443637 -6.2410564,42.4436195 -6.2411237,42.443678 -6.2412496,42.443713 -6.2412785,42.4437787 -6.2414985,42.4438365 -6.2415757,42.443905 -6.2417036,42.4439514 -6.2419066,42.4439304 -6.2419849,42.4439012 -6.2420752,42.4439168 -6.2421789,42.4438622 -6.2422199,42.443856 -6.2422704,42.443886 -6.2423132,42.4438878 -6.2423309,42.4438491 -6.2424213,42.443818 -6.2424104,42.4437598 -6.2424487,42.4437163 -6.2424903,42.4437066 -6.2425441,42.4437562 -6.2425156,42.4437881 -6.242526,42.4438435 -6.2425854,42.4438933 -6.2426521,42.4439139 -6.2427432,42.4439114 -6.2427661,42.4439509 -6.2428381,42.4439593 -6.2428875,42.4439904 -6.242963,42.4439965 -6.2429957,42.4440286 -6.2430474,42.4440112 -6.2430561,42.4440472 -6.2430988,42.4440601 -6.2432792,42.4440598 -6.2434811,42.4440788 -6.2434989,42.444065 -6.2434848,42.444055 -6.2436156,42.444023 -6.2436995,42.4440384 -6.2437795,42.4440236 -6.2438308,42.4440275 -6.2438948,42.4440539 -6.2439755,42.4440319 -6.2440153,42.444064 -6.2440638,42.4440752 -6.244111,42.4440293 -6.2441249,42.4440477 -6.2441771,42.4440446 -6.2441248,42.4440066 -6.2441477,42.4439661 -6.2442109,42.4440045 -6.2442478,42.4440039 -6.2442736,42.4439587 -6.244326,42.4439256 -6.2443815,42.4438253 -6.2444583,42.4438362 -6.2444603,42.443872 -6.2444951,42.4438773 -6.2445252,42.4438532 -6.2444906,42.4438103 -6.2446435,42.4437856 -6.2447245,42.4437927 -6.2448626,42.443735 -6.2450839,42.4437698 -6.2452055,42.4438363 -6.2453601,42.443837 -6.2454817,42.4438562 -6.2454956,42.4438376 -6.2455072,42.4438561 -6.245563,42.4438671 -6.2456503,42.4438301 -6.2457141,42.4438449 -6.245859,42.4438338 -6.2461441,42.4438993 -6.2463169,42.443931 -6.2463978,42.4439268 -6.2464909,42.4439514 -6.2465969,42.4439536 -6.2467181,42.4439327 -6.2468369,42.4439437 -6.2469455,42.4439223 -6.2469865,42.4439351 -6.2469941,42.4439614 -6.2470328,42.4439604 -6.2470242,42.4439323 -6.2470465,42.4439076 -6.2471732,42.4438862 -6.2473198,42.4438346 -6.2474665,42.4436775 -6.2475271,42.4436494 -6.2475574,42.4436152 -6.2476371,42.4436014 -6.2477227,42.4435085 -6.247909,42.4433975 -6.2480951,42.4433714 -6.2482896,42.4434115 -6.2484023,42.4433979 -6.2484693,42.4434501 -6.2485547,42.4434697 -6.2486331,42.443459 -6.2486509,42.4434977 -6.2486459,42.4436073 -6.2486186,42.4436325 -6.2485399,42.4436495 -6.2485033,42.4436919 -6.2484918,42.4437608 -6.2484252,42.4437778 -6.248398,42.443818 -6.2485084,42.4439056 -6.2485739,42.4440368 -6.2486598,42.444137 -6.248704,42.4442207 -6.2486962,42.4443181 -6.2490934,42.4444612 -6.2492453,42.4445389 -6.2495348,42.4446432 -6.2497001,42.4447291 -6.2498158,42.4448494 -6.2499263,42.4449145 -6.2500777,42.4450429 -6.2500839,42.4451004 -6.2501345,42.4451663 -6.2501038,42.4452258 -6.2501367,42.4452357 -6.2501535,42.4452081 -6.2502279,42.4452174 -6.2502594,42.4452724 -6.2501978,42.4452924 -6.2502195,42.4453545 -6.2502542,42.4453579 -6.2502922,42.4453416 -6.2503108,42.4452739 -6.250397,42.4452683 -6.2504458,42.445341 -6.2505744,42.4453826 -6.2506166,42.4454536 -6.2507927,42.4455015 -6.2508166,42.4455299 -6.2508932,42.4455493 -6.2509378,42.4455883 -6.2510606,42.4456281 -6.2512893,42.4456786 -6.2513451,42.4456767 -6.2514304,42.4457263 -6.2515383,42.4457437 -6.2515865,42.4457778 -6.2517433,42.4457645 -6.2519011,42.4457698 -6.251978,42.4458034 -6.2520715,42.445819 -6.2521317,42.4458708 -6.2522971,42.4458968 -6.2525057,42.4459692 -6.252707,42.4460055 -6.2528298,42.4460579 -6.2528797,42.4460573 -6.25297,42.4460967 -6.2530473,42.4461067 -6.2532253,42.4461636 -6.2535326,42.4462982 -6.2535843,42.4462983 -6.2536907,42.4463755 -6.2537805,42.4464091 -6.2538167,42.4464654 -6.2539037,42.4465155 -6.2539924,42.4466133 -6.2540668,42.4466347 -6.2541078,42.4467519 -6.2541316,42.4467755 -6.254162,42.4467844 -6.2542939,42.4467626 -6.2543513,42.4468069 -6.254436,42.4468154 -6.2543839,42.4468669 -6.2543897,42.4468791 -6.254494,42.4468302 -6.2545573,42.4468739 -6.254701,42.4468925 -6.2548032,42.4469612 -6.2549059,42.4469537 -6.2549571,42.446916 -6.2550009,42.446909 -6.2550534,42.4469397 -6.2551586,42.4469266 -6.2552588,42.4469632 -6.2553579,42.4469596 -6.2554248,42.4470174 -6.2554082,42.4470569 -6.2554224,42.4470673 -6.2554775,42.4470453 -6.2555375,42.4470609 -6.255587,42.447048 -6.255758,42.4470576 -6.2558138,42.4470425 -6.255931,42.4470553 -6.255993,42.4470728 -6.2560158,42.4471137 -6.2560609,42.4471437 -6.2561423,42.4471553 -6.2562139,42.4472385 -6.2562564,42.4472109 -6.2564424,42.4472252 -6.2564507,42.4471962 -6.2565131,42.4471615 -6.2566592,42.4472101 -6.2567182,42.4472454 -6.2567595,42.4472953 -6.256872,42.4473349 -6.2569189,42.4473345 -6.2569458,42.4473081 -6.2570406,42.4473356 -6.2570739,42.4473852 -6.2571473,42.4474399 -6.2572579,42.4474439 -6.2574341,42.4474161 -6.2574731,42.4474681 -6.2574992,42.4474764 -6.2575259,42.4474329 -6.2575702,42.4474291 -6.2575971,42.4473859 -6.2576298,42.4473825 -6.2577987,42.4474173 -6.2578244,42.4474541 -6.2578801,42.4474536 -6.2579423,42.4474729 -6.2580058,42.4475146 -6.2581125,42.4475027 -6.2581613,42.4475285 -6.2583582,42.4475582 -6.2583924,42.4475464 -6.258438,42.4475559 -6.2584879,42.4476041 -6.2586056,42.4476066 -6.2586462,42.447579 -6.2586583,42.4475889 -6.2586395,42.4476013 -6.2587387,42.4475885 -6.2588316,42.4476086 -6.2589466,42.4476028 -6.2591962,42.4476281 -6.2593626,42.4476844 -6.2596153,42.4476905 -6.2597604,42.4476779 -6.2600672,42.4477266 -6.2601266,42.4477141 -6.2601799,42.4477644 -6.2603982,42.4478038 -6.2603938,42.4478775 -6.2604917,42.4479616 -6.2606228,42.4479701 -6.260685,42.4480025 -6.2607343,42.4480061 -6.2608822,42.4479125 -6.261025,42.4479424 -6.2610807,42.4480026 -6.2611799,42.4480647 -6.2612234,42.4481269 -6.2611975,42.4481577 -6.2612602,42.448196 -6.26138,42.4481935 -6.2614346,42.4482278 -6.2614757,42.4482148 -6.2615871,42.4482242 -6.2617361,42.4481843 -6.261798,42.4482087 -6.2619971,42.4482099 -6.2621002,42.4482541 -6.2621973,42.4482157 -6.2622309,42.4482307 -6.2622013,42.4482808 -6.262258,42.4483307 -6.2623089,42.4483272 -6.2623186,42.4482784 -6.2623884,42.4482278 -6.2623962,42.4482669 -6.2624169,42.4482785 -6.2625466,42.4482909 -6.2626914,42.4482657 -6.2627577,42.4482072 -6.26275,42.4481926 -6.2626886,42.4481798 -6.2626667,42.4481527 -6.2626877,42.4481349 -6.2628228,42.4481745 -6.2628525,42.4482262 -6.262927,42.4481959 -6.2629621,42.4481354 -6.2630346,42.4481088 -6.2631775,42.4481095 -6.2632541,42.4481442 -6.2633209,42.4481383 -6.2634475,42.4480448 -6.2635963,42.448049 -6.2637747,42.4481053 -6.2638846,42.4480886 -6.2638796,42.4480495 -6.2640083,42.4480819 -6.2640756,42.4480328 -6.2640632,42.448004 -6.264016,42.4480041 -6.2639644,42.4480421 -6.2638709,42.4479939 -6.26393,42.4479884 -6.2639738,42.4479546 -6.264024,42.4479549 -6.2640504,42.4479374 -6.2641026,42.4479476 -6.2642116,42.4478569 -6.2643423,42.4477996</coordinates></LinearRing></outerBoundaryIs></Polygon><Polygon><outerBoundaryIs><LinearRing><coordinates>-6.2392038,42.442564 -6.2392056,42.4425848 -6.2392412,42.4425983 -6.2392576,42.4426728 -6.2392791,42.4426872 -6.2393204,42.4426874 -6.2393403,42.4426395 -6.2393829,42.4426396 -6.2393568,42.4426789 -6.2394055,42.4427337 -6.2394393,42.4428095 -6.2395622,42.4428154 -6.2396019,42.4428648 -6.2396571,42.4428769 -6.2396667,42.4429103 -6.2396294,42.4429448 -6.2395522,42.4429631 -6.2394854,42.4430201 -6.2394715,42.443054 -6.2394951,42.4430984 -6.2393657,42.4430621 -6.2393211,42.4430129 -6.2393193,42.4429804 -6.2392851,42.4429625 -6.2392731,42.4430118 -6.2391846,42.4430309 -6.2391179,42.4430935 -6.2391103,42.4430413 -6.239188,42.4430074 -6.239151,42.4428868 -6.2391727,42.4428292 -6.2391262,42.4427877 -6.2390682,42.4428087 -6.2390395,42.4428018 -6.2390112,42.4427662 -6.2391446,42.4426585 -6.2391438,42.4426325 -6.2391036,42.4426266 -6.2390771,42.4425848 -6.239195,42.4425481 -6.2392038,42.442564</coordinates></LinearRing></outerBoundaryIs></Polygon></MultiGeometry></Placemark></Folder></Document></kml>